product_name,price_after_discount,discount_percentage,merchant,merchant_city,unit_sold,product_rating
[FLASH SALE] SOMETHINC Low pH Gentle Jelly Cleanser,Rp112.000,53%,Somethinc,Tangerang,4rb+ terjual,5.0
[FLASH SALE] SOMETHINC Calm Down! Skinpair Moisturizer[free ss stick ned],Rp129.000,47%,Somethinc,Tangerang,10rb+ terjual,5.0
[FLASH SALE] SOMETHINC Ceraplump Tinted Lip Balm SPF25 PA++++,Rp89.000,55%,Somethinc,Tangerang,3rb+ terjual,5.0
[FLASH SALE] SOMETHINC Copy Paste COVERBLUR Powder Foundation,Rp169.000,46%,Somethinc,Tangerang,1rb+ terjual,4.9
[NEW] SOMETHINC [2 PCS] Paket Best Seller Layering Serum Diamond,Rp331.200,29%,Somethinc,Tangerang,1rb+ terjual,4.9
[Tasya Farasya Approved] SOMETHINC Calm Down! Skinpair Moisturizer,Rp129.000,9%,Somethinc,Tangerang,10rb+ terjual,5.0
SOMETHINC Forever Stay Comfort Lip Glaze,Rp99.000,23%,Somethinc,Tangerang,500+ terjual,4.9
[FLASH SALE] SOMETHINC Checkmatte Transferproof Lipstick - Lipstick Batang Transferproof,Rp99.000,53%,Somethinc,Tangerang,1rb+ terjual,5.0
[FLASH SALE] SOMETHINC Holyshield! UV Watery Sunscreen Gel SPF 50+,Rp49.000,68%,Somethinc,Tangerang,2rb+ terjual,5.0
SOMETHINC CoverBlur Pro Filter Breathable Cushion SPF 40 PA++++,Rp189.000,21%,Somethinc,Tangerang,100+ terjual,5.0
SOMETHINC Copy Paste Tinted Sunscreen SPF 40 PA++++ 10ml,Rp53.000,21%,BeautyHaul_NEW,Tangerang,10rb+ terjual,5.0
SOMETHINC REFILL CoverBlur Pro Filter Breathable Cushion SPF 40 PA++++,Rp135.000,25%,Somethinc,Tangerang,19 terjual,5.0
Somethinc Hooman Under Control Hd Blur Loose Powder - Translucent,Rp107.100,28%,Watsons Indonesia Official Store,Kab. Tangerang,500+ terjual,4.9
SOMETHINC Low pH Gentle Jelly Cleanser,Rp91.000,35%,BeautyHaul_NEW,Tangerang,1rb+ terjual,5.0
[NEW] SOMETHINC Level 1% Encapsulated Retinol,Rp169.000,23%,Somethinc,Tangerang,10rb+ terjual,5.0
SOMETHINC Ceraplump Tinted Lip Balm SPF25 PA++++ Lip Tint Tahan Lama Lipstick Lipgloss Bibir,Rp59.500,37%,Lyne Beauty_NEW,Surabaya,10rb+ terjual,4.9
[FLASH SALE] SOMETHINC CERAMIC SKIN Saviour Moisturizer Gel,Rp169.000,41%,Somethinc,Tangerang,2rb+ terjual,5.0
SOMETHINC [2 PCS] Forever Stay Comfort Lip Glaze Twinpack,Rp174.240,32%,Somethinc,Tangerang,60+ terjual,4.5
[NEW] SOMETHINC Acne Treatment 2% Salicylic Acid Serum,Rp139.000,22%,Somethinc,Tangerang,9rb+ terjual,4.9
Somethinc Low PH Jelly Cleanser 350ml,Rp168.700,25%,Watsons Indonesia Official Store,Kab. Tangerang,250+ terjual,5.0
[NEW] SOMETHINC Advanced Peeling 20% AHA BHA PHA LHA Serum,Rp139.000,22%,Somethinc,Tangerang,10rb+ terjual,4.9
SOMETHINC SKINLIFT 1% Copper Peptide Resveratrol Serum,Rp349.000,9%,Somethinc,Tangerang,1rb+ terjual,5.0
[NEW] SOMETHINC GLASS-C 12% VITAMIN C + GlutaBright + FERULIC Serum,Rp199.000,20%,Somethinc,Tangerang,30+ terjual,5.0
[NEW] SOMETHINC Gentle Bright Niacinamide + Alpha Arbutin Serum,Rp139.000,22%,Somethinc,Tangerang,30+ terjual,5.0
Somethinc Checkmatte Transferproof Lipstick - Lipstick Matte Bibir Kering Lipstik,Rp63.900,35%,Lyne Beauty_NEW,Surabaya,10rb+ terjual,4.9
SOMETHINC Hooman Under Control HD Blur Loose Powder,Rp127.100,27%,BeautyHaul_NEW,Tangerang,10rb+ terjual,5.0
SOMETHINC BioSpicule Renewal Serum - Serum dengan Natural Microneedle,Rp169.000,21%,Somethinc,Tangerang,1rb+ terjual,5.0
SOMETHINC CERAMIC SKIN Saviour Moisturizer Gel,Rp169.000,9%,Somethinc Makeup Official,Tangerang,30+ terjual,5.0
[NEW] SOMETHINC HYALuronic9+ Advanced + B5 Serum - Serum Kulit Kering,Rp139.000,22%,Somethinc,Tangerang,10rb+ terjual,5.0
[NEW] SOMETHINC [2 PCS] Paket Best Seller Layering Serum 2PCS,Rp466.200,29%,Somethinc,Tangerang,1rb+ terjual,5.0
SOMETHINC Copy Paste Tinted Sunscreen SPF 40 PA++++,Rp53.000,21%,Somethinc Makeup Official,Tangerang,750+ terjual,5.0
"SOMETHINC [3 PCS] Basic Skincare Starter Kit - (Calm Down Moisturizer, Low pH Jelly Cleanser, Sunscreen Gel)",Rp201.450,26%,Somethinc,Tangerang,100+ terjual,5.0
[FLASH SALE] SOMETHINC Copy Paste Tinted Sunscreen SPF 40 PA++++,Rp169.000,46%,Somethinc,Tangerang,250+ terjual,5.0
SOMETHINC GLOW MAKER AHA BHA PHA Clarifying Treatment Toner 40ml 100ml,Rp101.250,19%,Beauty is Here Indo,Jakarta Timur,250+ terjual,5.0
SOMETHINC Mademoiselle Soft Focus Powder Blush,Rp59.130,19%,Beauty is Here Indo,Jakarta Timur,10 terjual,4.7
SOMETHINC - HANGOVER Voluminous Fiber Lash Smudgeproof Mascara,Rp78.320,20%,The New Routines,Jakarta Pusat,8 terjual,5.0
SOMETHINC HOLYSHIELD! UV WATERY SUNSCREEN GEL SPF 50+ PA++++,Rp110.000,12%,Elsbeauty,Kab. Sleman,100+ terjual,5.0
SOMETHINC - GAME CHANGER Tripeptide Eye Concentrate Gel 20 mL,Rp136.400,9%,The New Routines,Jakarta Pusat,250+ terjual,5.0
SOMETHINC - Low pH Gentle Jelly Cleanser 100 mL,Rp87.720,11%,The New Routines,Jakarta Pusat,100+ terjual,5.0
SOMETHINC CERAMIC SKIN SAVIOUR MOISTURE GEL,Rp148.720,12%,Elsbeauty,Kab. Sleman,100+ terjual,5.0
SOMETHINC Copy Paste Tinted Sunscreen SPF 40 PA++++ - Skin Tint,Rp95.400,40%,Health Fairy,Bandung,17 terjual,5.0
SOMETHINC Supple Power Hyaluronic 9+ Onsen Essence Toner 40ml 120ml,Rp80.040,13%,Sakura Shop Surabaya,Surabaya,100+ terjual,5.0
Somethinc Copy Paste Breathable Mesh Cushion SPF 33 PA++ - Butter,Rp166.400,20%,Watsons Indonesia Official Store,Kab. Tangerang,50+ terjual,4.8
SOMETHINC BROW WIZ Retractable Eyebrow - Pensil Alis Mekanik 0.55 m,Rp59.150,61%,Verona Beauty,Kab. Sidoarjo,6 terjual,5.0
"SOMETHINC Skin Solver Serum:Revive,Lemonade,Retinol, BHA,Hylapore,Vita",Rp91.150,37%,Sakura Shop Surabaya,Surabaya,100+ terjual,5.0
SOMETHINC ACNE SHOT AC SPOT GEL,Rp78.200,15%,Elsbeauty,Kab. Sleman,100+ terjual,5.0
SOMETHINC 10% Niacinamide + Moisture Sabi Beet Serum 20ml 40ml Wajah,Rp105.000,16%,Beauty Shop Me_NEW,Jakarta Utara,15 terjual,5.0
￼[NEW LAUNCH] SOMETHINC Forever Stay Comfort Lip Glaze,Rp79.200,20%,Buyskincare,Kab. Sidoarjo,100+ terjual,5.0
SOMETHINC NIACINAMIDE EXTRA SABI WHITE,Rp98.000,22%,Elsbeauty,Kab. Sleman,500+ terjual,4.9
Somethinc Brow E/M Brow Gel W/P Clear,Rp75.200,20%,Watsons Indonesia Official Store,Kab. Tangerang,40+ terjual,4.8
SOMETHINC Ceramic Skin Saviour Moisturizer Gel 25ml 50ml ml Pelembab,Rp136.890,19%,Beauty is Here Indo,Jakarta Timur,1rb+ terjual,5.0
somethinc diamond phyto stem cell serum,Rp69.000,17%,cosmebella,Malang,4 terjual,5.0
SOMETHINC Checkmatte Transferproof Lipstick,Rp88.110,11%,Elsbeauty,Kab. Sleman,1rb+ terjual,4.9
SOMETHINC Bakuchiol R-Cover Firming Body Creme 100ml,Rp74.300,10%,BeautyHaul_NEW,Tangerang,50+ terjual,5.0
SOMETHINC Copy Paste Breathable Mesh Cushion SPF 33 PA++,Rp170.600,18%,BeautyHaul_NEW,Tangerang,750+ terjual,4.9
Somethinc Hooman Breathable UV Cushion Cover SPF 35 PA++++,Rp170.600,18%,BeautyHaul_NEW,Tangerang,100+ terjual,5.0
SOMETHINC MAKEUP Omega Butter / Jelly Deep Cleansing Balm BPOM,Rp175.600,12%,Verona Beauty,Kab. Sidoarjo,2 terjual,5.0
SOMETHINC - 10% Lactic + Glycolic Peeling Serum 20 mL,Rp104.800,20%,The New Routines,Jakarta Pusat,4 terjual,5.0
SOMETHINC AHA BHA PHA Peeling Solution Serum,Rp68.750,45%,Sakura Shop Surabaya,Surabaya,13 terjual,5.0
SOMETHINC HANGOVER Voluminous Fiber Lash Smudgeproof Mascara 7gr,Rp70.850,53%,Verona Beauty,Kab. Sidoarjo,40+ terjual,4.9
SOMETHINC Low PH Jelly Cleanser 350gr Sabun Wajah Muka Pembersih Kulit,Rp166.050,19%,Beauty is Here Indo,Jakarta Timur,100+ terjual,5.0
SOMETHINC Copy Paste Tinted Sunscreen SPF 40 PA++++ - Skin Tint Hybrid Sunscreen,Rp138.330,13%,Primrose Beauty Shop,Surabaya,100+ terjual,5.0
SOMETHINC - Ceraplump Tinted Lip Balm SPF25 PA++++,Rp81.000,10%,Wabi Sabi Cosmetics,Palembang,70+ terjual,5.0
SOMETHINC Calm Down! Skinpair R-Cover Cream 30gr 50gr,Rp112.230,13%,Sakura Shop Surabaya,Surabaya,60+ terjual,4.9
Somethinc Hooman Cushion W02 Coco,Rp166.400,20%,Watsons Indonesia Official Store,Kab. Tangerang,11 terjual,5.0
SOMETHINC Hylapore Away Solution - Menyamarkan Pori Besar,Rp115.000,8%,Saening Store Beauty ID,Surabaya,6 terjual,5.0
Somethinc Glow Maker Clarifying Treatment Toner,Rp105.000,16%,citracosmetic makassar,Makassar,30+ terjual,5.0
SOMETHINC SRSLY Balancer Makeup Setting Spray,Rp37.800,10%,MearaKosmetik,Magelang,8 terjual,5.0
SOMETHINC Tipsy Lash Lift Lengthening Mascara,Rp87.400,8%,Saening Store Beauty ID,Surabaya,50+ terjual,4.9
SOMETHINC LOOSE POWDER SPF 30 PA++ -,Rp87.120,12%,Elsbeauty,Kab. Sleman,50+ terjual,5.0
Alivelovearts Plume Heels Inspired by Somethinc Readystock(EXCLUSIVE),Rp287.970,20%,Alivelovearts,Jakarta Utara,4 terjual,5.0
Alivelovearts Savvy Heels Inspired by Somethinc ReadyStock (EXCLUSIVE,Rp283.090,5%,Alivelovearts,Jakarta Utara,11 terjual,5.0
Somethinc CRIOUSLY 24k Gold Essence 20ml,Rp43.219,6%,sahabat glowing,Jakarta Barat,70+ terjual,5.0
SOMETHINC Bee Power Propolis Glow Lip Serum 5gr | Serum Bibir,Rp55.890,19%,Beauty is Here Indo,Jakarta Timur,100+ terjual,4.9
SOMETHINC Tipsy Lash Lift Lengthening Mascara [NEW LAUNCH],Rp64.900,32%,Mirose Beauty_NEW,Surabaya,500+ terjual,5.0
Somethinc Brow Emblem Microcara Brow Gel,Rp74.800,12%,Elsbeauty,Kab. Sleman,60+ terjual,5.0
SOMETHINC SRSLY Balancer Make Up Setting Spray - Make Up Tahan Lama,Rp38.640,8%,Saening Store Beauty ID,Surabaya,90+ terjual,4.9
SOMETHINC Dark Spot Reducer Ampoule,Rp90.300,30%,Jasmine Star,Malang,100+ terjual,4.9
SOMETHINC Immortal Highlighter,Rp84.000,20%,BeautyHaul_NEW,Tangerang,100+ terjual,4.9
SOMETHINC BROW WIZ Retractable Eyebrow Pencil - Pensil Alis Mekanik Ujung Bulat 3 Warna,Rp56.550,13%,Primrose Beauty Shop,Surabaya,5 terjual,5.0
SOMETHINC AHA BHA PHA Peeling Solution Serum 20ml,Rp55.500,62%,4ER_NEW,Medan,6 terjual,5.0
SOMETHINC ACNEDOT Treatment Low pH Cleanser Sabun Cuci Muka untuk Kulit Berjerawat,Rp164.200,34%,areacantik id,Surabaya,1 terjual,5.0
SOMETHINC Holyshield No Sebum Mineral Blur Translucent Loose Powder SPF 30 PA++ 11gr - Easy Touch Up Sunscreen Powder,Rp86.130,13%,Sakura Shop Surabaya,Surabaya,22 terjual,5.0
Somethinc Copy Paste Breathable Mesh Cushion SPF 33 PA++ - Linen,Rp166.400,20%,Watsons Indonesia Official Store,Kab. Tangerang,40+ terjual,4.9
SOMETHINC Supple Power hyaluronic 9+ Onsen Essence Toner,Rp166.050,19%,Beauty is Here Indo,Jakarta Timur,250+ terjual,5.0
SOMETHINC - HANGOVER Smudgeproof Mascara,Rp72.000,10%,Wabi Sabi Cosmetics,Palembang,40+ terjual,5.0
Somethinc Breathable Cushion - Dark TIFFANY,Rp166.400,20%,Watsons Indonesia Official Store,Kab. Tangerang,11 terjual,5.0
SOMETHINC Low PH Gentle Jelly Cleanser - Face Wash,Rp87.120,12%,The Beauty Connection,Depok,40+ terjual,4.8
SOMETHINC Bee Power Propolis & Manuka Honey Sleeping Mask 50gr,Rp104.490,19%,Beauty is Here Indo,Jakarta Timur,29 terjual,5.0
SOMETHINC Hylapore Away Solution 20ml Serum Muka Mengecilkan Pori-pori,Rp105.000,16%,Beauty Shop Me_NEW,Jakarta Utara,2 terjual,5.0
SOMETHINC BROW MATTERS Retractable Triangle Eyebrow - Pensil Alis Mekanik Tip Segitiga,Rp60.450,7%,saeningstore,Surabaya,28 terjual,5.0
SOMETHINC DNA Airbrush Breathable Powder Foundation - Bedak Padat,Rp104.490,19%,Beauty is Here Indo,Jakarta Timur,100+ terjual,4.8
Somethinc Breathable Cushion - Light Medium SERENE (Full Si,Rp166.400,20%,Watsons Indonesia Official Store,Kab. Tangerang,23 terjual,5.0
SOMETHINC ACNEDOT TREATMENT TONER,Rp35.000,50%,Elsbeauty,Kab. Sleman,100+ terjual,4.9
SOMETHINC Holyshield! Sunscreen Shake Mist SPF46 PA+++ 50ml,Rp96.000,20%,Watsons Indonesia Official Store,Kab. Tangerang,30+ terjual,5.0
SOMETHINC BioSpicule Renewal Serum,Rp226.800,10%,BeautyHaul_NEW,Tangerang,80+ terjual,5.0
Somethinc Ceramic Skin Saviour Moisturizer Gel 50ml,Rp269.800,18%,BeautyHaul_NEW,Tangerang,500+ terjual,5.0
SOMETHINC ACNEDOT Toner - Moisturizer Gel - Low pH Cleanser - Spot Gel,Rp84.640,8%,Saening Store Beauty ID,Surabaya,70+ terjual,5.0
SOMETHINC UNCONDITIONAL 25 Pro Eyeshadow Palette,Rp124.567,41%,Dyfabandung,Bandung,1 terjual,
Somethinc Copy Paste Tinted Sunscreen 10 Ml SPF 40 PA ++++,Rp55.195,17%,Ciara Beauty,Bandar Lampung,29 terjual,4.4
SOMETHINC HANGOVER Voluminous Fiber Lash Smudgeproof Mascara,Rp68.850,19%,Beauty is Here Indo,Jakarta Timur,1rb+ terjual,4.9
SOMETHINC [2 PCS] Ceraplump Tinted Lip Balm SPF25 PA++++ + COPY PASTE BREATHABLE MESH CUSHION SPF 33 PA++,Rp244.640,20%,Somethinc,Tangerang,30+ terjual,5.0
[FLASH SALE] SOMETHINC VITA PROPOLIS Hydra Power Mist,Rp139.000,48%,Somethinc,Tangerang,24 terjual,5.0
SOMETHINC [2 PCS] Double Toning Kulit Bebas Breakout - (Glow Maker Toner & Supple Power Toner),Rp290.400,27%,Somethinc,Tangerang,2rb+ terjual,5.0
[FLASH SALE] SOMETHINC Low pH Gentle Jelly Cleanser,Rp112.000,53%,Somethinc,Tangerang,4rb+ terjual,5.0
[Tasya Farasya Approved] SOMETHINC Calm Down! Skinpair Moisturizer,Rp129.000,9%,Somethinc,Tangerang,10rb+ terjual,5.0
[FLASH SALE] SOMETHINC Ceraplump Tinted Lip Balm SPF25 PA++++,Rp89.000,55%,Somethinc,Tangerang,3rb+ terjual,5.0
SOMETHINC REFILL CoverBlur Pro Filter Breathable Cushion SPF 40 PA++++,Rp135.000,25%,Somethinc,Tangerang,19 terjual,5.0
[FLASH SALE] SOMETHINC Diamond Glow PyhtoCell Serum,Rp169.000,23%,Somethinc,Tangerang,2rb+ terjual,5.0
SOMETHINC [2 PCS] Perfect Combo Makeup Prep Kit - (Tinted Sunscreen + Calm Down Moisturizer),Rp306.240,30%,Somethinc,Tangerang,250+ terjual,5.0
SOMETHINC [3 PCS] Ceraplump Tinted Lip Balm SPF25 PA++++,Rp226.950,24%,Somethinc,Tangerang,30+ terjual,5.0
SOMETHINC [2 PCS] Calm Down Moisturizer Refill + 10% Lactic + Glycolic Peeling Serum,Rp273.600,27%,Somethinc,Tangerang,27 terjual,5.0
SOMETHINC [2 PCS] Kulit Bersih & Terlindungi Sinar UV - (Sunscreen Gel & Low pH Jelly Cleanser),Rp208.560,25%,Somethinc,Tangerang,750+ terjual,5.0
SOMETHINC Calm Down! PHA 3% Soothing Everyday Toner,Rp115.000,17%,Somethinc,Tangerang,6rb+ terjual,5.0
[FLASH SALE] SOMETHINC The Marionette Eyeshadow Palette,Rp149.000,48%,Somethinc,Tangerang,20 terjual,5.0
SOMETHINC [2 PCS] Coverblur Powder Foundation 12 g | Two Way Cake x SRSLY Balancer Make Up Setting Spray,Rp213.840,29%,Somethinc,Tangerang,23 terjual,5.0
[EXCLUSIVE] SOMETHINC Calm Down! Skinpair Moisturizer,Rp129.000,9%,Somethinc,Tangerang,500+ terjual,5.0
SOMETHINC [2 PCS] Ceraplump Tinted Lip Balm SPF25 PA++++ + HOOMAN Breathable Cushion Cover SPF 35 PA++++,Rp244.640,20%,Somethinc,Tangerang,23 terjual,5.0
[FLASH SALE] SOMETHINC Checkmatte Transferproof Lipstick - Lipstick Batang Transferproof,Rp99.000,53%,Somethinc,Tangerang,1rb+ terjual,5.0
[FLASH SALE] SOMETHINC 1% Pure Retinol + Squalane,Rp279.000,36%,Somethinc,Tangerang,60+ terjual,5.0
"SOMETHINC Hair Care Series - (pH Restore Hair Rinsing Vinegar,No Wonder 8 Seconds Hair Treatment Water)",Rp129.000,13%,Somethinc,Tangerang,100+ terjual,5.0
[NEW] SOMETHINC Level 1% Encapsulated Retinol,Rp169.000,23%,Somethinc,Tangerang,10rb+ terjual,5.0
SOMETHINC SKINLIFT 1% Copper Peptide Resveratrol Serum,Rp349.000,9%,Somethinc,Tangerang,1rb+ terjual,5.0
"SOMETHINC [3 PCS] Paket Skincare Amunisi Lawan Debu Polusi - (Calm Down Moisturizer, Low pH Jelly Cleanser, Glow Maker Toner)",Rp402.050,29%,Somethinc,Tangerang,100+ terjual,5.0
SOMETHINC [2 PCS] COVERBLUR Pro Filter Breathable Cushion SPF 40 PA++++. + Ceraplump Tinted Lip Balm SPF25 PA++++,Rp244.640,28%,Somethinc,Tangerang,6 terjual,5.0
"SOMETHINC Batman Series - Ceraplump Tinted Lip Balm, Low pH Gentle Jelly Cleanser, Tipsy Lashlift Mascara, Holyshield! Sunscreen Gel, Clay Glowgasm Highlighter Balm, Clay Sculptor Bronzer & Contour Balm,  Midnight Eyeshadow",Rp89.000,14%,Somethinc,Tangerang,60+ terjual,5.0
[FLASH SALE] SOMETHINC [2 PCS] Checkmatte Transferproof Lipstick - Lipstick Batang Transferproof,Rp174.240,20%,Somethinc,Tangerang,60+ terjual,5.0
[FLASH SALE] SOMETHINC HOOMAN UNDER CONTROL HD Blur Loose Powder,Rp139.000,49%,Somethinc,Tangerang,100+ terjual,5.0
[FLASH SALE] SOMETHINC GLOW MAKER AHA BHA PHA Clarifying Treatment Toner,Rp59.000,79%,Somethinc,Tangerang,100+ terjual,5.0
SOMETHINC BioSpicule Renewal Serum - Serum dengan Natural Microneedle,Rp169.000,21%,Somethinc,Tangerang,1rb+ terjual,5.0
SOMETHINC REFILL Copy Paste COVERBLUR Powder Foundation 12g | Two Way Cake,Rp119.000,20%,Somethinc,Tangerang,100+ terjual,5.0
[FLASH SALE] SOMETHINC Calm Down! Skinpair Moisturizer[free ss stick ned],Rp129.000,47%,Somethinc,Tangerang,10rb+ terjual,5.0
[FLASH SALE] SOMETHINC COPY PASTE BREATHABLE MESH CUSHION SPF 33 PA++,Rp189.000,39%,Somethinc,Tangerang,100+ terjual,5.0
SOMETHINC No Wonder 8 Seconds Hair Treatment Water,Rp129.000,13%,Somethinc,Tangerang,250+ terjual,5.0
SOMETHINC The Marionette Eyeshadow Palette,Rp149.000,20%,Somethinc,Tangerang,500+ terjual,5.0
"[NEW] SOMETHINC [2 PCS] Paket Your Skin Saviour - (Ceramic Moisturizer, Diamond Serum, Niacinamide, Hyaluronic, Retinol)",Rp374.400,32%,Somethinc,Tangerang,500+ terjual,5.0
SOMETHINC [2 PCS] Makeup Starter Kit (Tinted Sunscreen + Hooman Powder),Rp271.040,30%,Somethinc,Tangerang,750+ terjual,5.0
"SOMETHINC Sunscreen Series - (Sunscreen Gel, Sunscreen Serum, Sunscreen Mist, Sunscreen Stick, Sunscreen Powder)",Rp69.000,9%,Somethinc,Tangerang,1rb+ terjual,5.0
[NEW] SOMETHINC GLASS-C 12% VITAMIN C + GlutaBright + FERULIC Serum,Rp199.000,20%,Somethinc,Tangerang,30+ terjual,5.0
SOMETHINC [2 PCS] Alpha Oil Double Cleansing Step - (Alpha Cleansing Oil & Low pH Jelly Cleanser),Rp225.280,31%,Somethinc,Tangerang,250+ terjual,5.0
"SOMETHINC [2 PCS] Base Make Up Anti Geser Kit - (Hooman Cushion, SRSLY Setting Spray)",Rp231.440,22%,Somethinc,Tangerang,250+ terjual,5.0
[FLASH SALE] SOMETHINC 10% Lactic + Glycolic Peeling Serum,Rp125.000,50%,Somethinc,Tangerang,90+ terjual,5.0
SOMETHINC Copy Paste COVERBLUR Powder Foundation,Rp169.000,20%,Somethinc,Tangerang,500+ terjual,5.0
SOMETHINC [2 PCS]  Skincare Custom Set (Serum + Cleanser/Moisturizer),Rp216.900,29%,Somethinc,Tangerang,2rb+ terjual,5.0
SOMETHINC CoverBlur Pro Filter Breathable Cushion SPF 40 PA++++,Rp189.000,21%,Somethinc,Tangerang,100+ terjual,5.0
SOMETHINC [2 PCS] Eye Woke Up Like This - (Tipsy Mascara & Checkmatte Lipstick),Rp170.720,24%,Somethinc,Tangerang,250+ terjual,5.0
SOMETHINC [2 PCS] Ceraplump Tinted Lip Balm SPF25 PA++++ + Checkmatte Transferproof Lipstick,Rp165.440,20%,Somethinc,Tangerang,70+ terjual,5.0
SOMETHINC [2 PCS] Trial Toner Kit,Rp132.880,24%,Somethinc,Tangerang,5rb+ terjual,5.0
SOMETHINC [2 PCS] Glow and Blend Kit (Tinted Sunscreen+Beauty Blender),Rp235.840,24%,Somethinc,Tangerang,100+ terjual,5.0
SOMETHINC 350ml Low pH Gentle Jelly Cleanser - Face Wash,Rp219.000,20%,Somethinc,Tangerang,1rb+ terjual,5.0
[FLASH SALE] SOMETHINC Level 1% Encapsulated Retinol,Rp169.000,23%,Somethinc,Tangerang,500+ terjual,5.0
[NEW] SOMETHINC Gentle Bright Niacinamide + Alpha Arbutin Serum,Rp139.000,22%,Somethinc,Tangerang,30+ terjual,5.0
[FLASH SALE] SOMETHINC SCANDAL Waterproof Retractable Eyeliner,Rp73.000,61%,Somethinc,Tangerang,250+ terjual,5.0
SOMETHINC [2 PCS] Paket Hemat Twinpack Low PH Jelly Cleanser,Rp197.120,30%,Somethinc,Tangerang,2rb+ terjual,5.0
"SOMETHINC [2 PCS] The Perfect Lash - Eyelash Serum & Mascara - (Tipsy Mascara, Hangover Mascara, ASAP Eyelash Serum)",Rp130.000,38%,Somethinc,Tangerang,1rb+ terjual,5.0
[NEW] SOMETHINC Calm Down! Skinpair Barrier Serum,Rp129.000,24%,Somethinc,Tangerang,2rb+ terjual,5.0
[FLASH SALE] SOMETHINC HYALuronic9+ Advanced + B5 Serum - Serum Hidrasi Kulit Kering,Rp139.000,22%,Somethinc,Tangerang,250+ terjual,5.0
SOMETHINC [2 PCS] Best of The Best Hooman Duo (Hooman Cushion + Hooman Powder),Rp288.640,24%,Somethinc,Tangerang,3rb+ terjual,5.0
SOMETHINC [2 PCS] Perfect Makeup Base Duo - (Copy Paste Cushion + Hooman Powder),Rp288.640,24%,Somethinc,Tangerang,2rb+ terjual,5.0
SOMETHINC [2 PCS] Basic Skincare Kit,Rp361.680,23%,Somethinc,Tangerang,1rb+ terjual,5.0
[FLASH SALE] SOMETHINC Reset Gentle Micellar Cleansing Water,Rp47.000,72%,Somethinc,Tangerang,100+ terjual,5.0
[FLASH SALE] SOMETHINC CERAMIC SKIN Saviour Moisturizer Gel,Rp169.000,41%,Somethinc,Tangerang,2rb+ terjual,5.0
[FLASH SALE] SOMETHINC Calm Down! Skinpair Bubble Cleanser - Face Wash,Rp102.000,55%,Somethinc,Tangerang,100+ terjual,5.0
SOMETHINC [2 PCS] Calm Down Gentle Micellar Water 100ml + Holyshield! UV Watery Sunscreen Gel SPF 50+ PA++++ - 15gr,Rp78.232,24%,Somethinc,Tangerang,15 terjual,5.0
SOMETHINC [2 PCS] Omega Balm Double Cleansing Step - (Omega Deep Cleansing Balm & Low pH Jelly Cleanser),Rp234.960,29%,Somethinc,Tangerang,1rb+ terjual,5.0
[NEW] SOMETHINC [4PCS] Paket Skincare Best Seller,Rp381.650,29%,Somethinc,Tangerang,250+ terjual,5.0
[FLASH SALE] SOMETHINC Copy Paste Tinted Sunscreen SPF 40 PA++++,Rp169.000,46%,Somethinc,Tangerang,250+ terjual,5.0
SOMETHINC [2 PCS] Paket Party-Proof Duo (Hooman Powder + Powder Brush),Rp209.440,26%,Somethinc,Tangerang,100+ terjual,5.0
"SOMETHINC [3 PCS] Basic Skincare Starter Kit - (Calm Down Moisturizer, Low pH Jelly Cleanser, Sunscreen Gel)",Rp201.450,26%,Somethinc,Tangerang,100+ terjual,5.0
SOMETHINC [2 PCS] Hangover Mascara x Omega Butter Deep Cleansing Balm,Rp116.160,29%,Somethinc,Tangerang,100+ terjual,5.0
SOMETHINC [2 PCS] Perawatan Mata Panda & Bulu Mata Kit - (ASAP Eyelash Serum & Game Changer Eye Gel),Rp211.200,28%,Somethinc,Tangerang,1rb+ terjual,5.0
[FLASH SALE] SOMETHINC Holyshield! UV Watery Sunscreen Gel SPF 50+,Rp49.000,68%,Somethinc,Tangerang,2rb+ terjual,5.0
SOMETHINC [2 PCS] Lash-Essential Kit (Lash Lift 4D Curler X Mascara Tipsy / Hangover),Rp144.320,24%,Somethinc,Tangerang,60+ terjual,5.0
SOMETHINC [2 PCS] Ceraplump Tinted Lip Balm SPF25 PA++++ + Copy Paste Tinted Sunscreen SPF 40 PA++++,Rp227.040,27%,Somethinc,Tangerang,40+ terjual,5.0
[NEW] SOMETHINC HYALuronic9+ Advanced + B5 Serum - Serum Kulit Kering,Rp139.000,22%,Somethinc,Tangerang,10rb+ terjual,5.0
[SALE] SOMETHINC Calm Down! Skinpair Moisturizer,Rp129.000,9%,Somethinc,Tangerang,250+ terjual,5.0
SOMETHINC Jewel Glitter Liquid,Rp85.000,19%,Somethinc,Tangerang,250+ terjual,5.0
[NEW] SOMETHINC [2 PCS] Paket Best Seller Layering Serum 2PCS,Rp466.200,29%,Somethinc,Tangerang,1rb+ terjual,5.0
SOMETHINC [2 PCS] Paket Hemat Ceramic Skin Saviour Moisturizer Gel,Rp297.440,20%,Somethinc,Tangerang,500+ terjual,5.0
SOMETHINC Calm Down! Skinpair Bubble Cleanser - Face Wash,Rp102.000,18%,Somethinc,Tangerang,3rb+ terjual,5.0
SOMETHINC pH Restore Hair Rinsing Vinegar,Rp129.000,13%,Somethinc,Tangerang,250+ terjual,5.0
SOMETHINC [2 PCS] Ceraplump Tinted Lip Balm SPF25 PA++++ - Twin Pack,Rp156.640,21%,Somethinc,Tangerang,250+ terjual,5.0
Somethinc Copy Paste Tinted Sunscreen SPF 40 PA++++ - C01 Perle 50Ml,Rp123.500,34%,Guardian Official Store,Kab. Bekasi,30+ terjual,5.0
Somethinc Copy Paste Tinted Sunscreen SPF 40 PA++++ - N01 Nina 50Ml,Rp123.500,34%,Guardian Official Store,Kab. Bekasi,80+ terjual,5.0
Somethinc Jewel Glitter Liquid - Multipurpose Gold,Rp70.500,25%,Watsons Indonesia Official Store,Kab. Tangerang,4 terjual,5.0
Somethinc (Refill) Hooman Breathable UV Cushion Cover SPF35 Pa++++ - N03 Alter,Rp104.300,30%,Watsons Indonesia Official Store,Kab. Tangerang,70+ terjual,5.0
Somethinc Ceraplump Tinted Lip Balm SPF25 PA++++ 06 Valentine,Rp78.400,20%,Watsons Indonesia Official Store,Kab. Tangerang,18 terjual,5.0
Somethinc Acne Shot AC Spot Gel 15ml,Rp71.400,30%,Watsons Indonesia Official Store,Kab. Tangerang,24 terjual,5.0
SOMETHINC Supple Power Hyaluronic9 + Onsen Moisture Bomb Gel,Rp224.700,18%,BeautyHaul_NEW,Tangerang,100+ terjual,5.0
Somethinc Idol Blurry Soft Lip Matte Anomaly,Rp41.250,50%,Watsons Indonesia Official Store,Kab. Tangerang,5 terjual,5.0
SOMETHINC - EYE MAKEUP SET,Rp67.900,22%,BeautyHaul_NEW,Tangerang,250+ terjual,5.0
SOMETHINC ACNEDOT Treatment Low pH Cleanser,Rp204.200,18%,BeautyHaul_NEW,Tangerang,90+ terjual,5.0
SOMETHINC Copy Paste Tinted Sunscreen SPF 40 PA++++ 10ml,Rp53.000,21%,BeautyHaul_NEW,Tangerang,10rb+ terjual,5.0
Somethinc Brow E/M Brow Gel W/P Ebony,Rp75.200,20%,Watsons Indonesia Official Store,Kab. Tangerang,100+ terjual,5.0
Somethinc Checkmatte Transferproof Lipstick - 14 Witty,Rp76.300,30%,Watsons Indonesia Official Store,Kab. Tangerang,50+ terjual,5.0
Somethinc Tipsy Lash Lift Lengthening Mascara,Rp52.500,46%,Watsons Indonesia Official Store,Kab. Tangerang,500+ terjual,5.0
SOMETHINC Calm Down Skinpair R-Cover Cream 50ml (BIG SIZE),Rp197.100,10%,BeautyHaul_NEW,Tangerang,3rb+ terjual,5.0
SOMETHINC Holyshield! Sunscreen Comfort Corrector Serum SPF 50+ PA++++,Rp147.600,10%,BeautyHaul_NEW,Tangerang,22 terjual,5.0
SOMETHINC COVERBLUR Pro Filter Breathable Cushion SPF 40 PA++++ - Refill,Rp127.100,29%,BeautyHaul_NEW,Tangerang,26 terjual,5.0
SOMETHINC Jewel Glitter Liquid,Rp84.000,20%,BeautyHaul_NEW,Tangerang,19 terjual,5.0
Somethinc The Marionette Eyeshadow Palette - Vol.2,Rp123.000,17%,Watsons Indonesia Official Store,Kab. Tangerang,21 terjual,5.0
Somethinc Copy Paste CoverBlur Powder Foundation N02.5 Linen,Rp139.500,20%,Watsons Indonesia Official Store,Kab. Tangerang,2 terjual,5.0
Somethinc Copy Paste CoverBlur Powder Foundation N01 Nina,Rp139.500,20%,Watsons Indonesia Official Store,Kab. Tangerang,9 terjual,5.0
Somethinc Copy Paste CoverBlur Powder Foundation W02 Coco,Rp139.500,20%,Watsons Indonesia Official Store,Kab. Tangerang,1 terjual,5.0
SOMETHINC Glow Maker AHA BHA PHA Clarifying Treatment Toner,Rp115.500,23%,BeautyHaul_NEW,Tangerang,2rb+ terjual,5.0
SOMETHINC - BODY CARE (PERAWATAN TUBUH),Rp28.800,10%,BeautyHaul_NEW,Tangerang,250+ terjual,5.0
Somethinc Hooman Cushion N01 Nina,Rp166.400,20%,Watsons Indonesia Official Store,Kab. Tangerang,100+ terjual,5.0
Somethinc Idol Blurry Soft Lip Matte Confess,Rp41.250,50%,Watsons Indonesia Official Store,Kab. Tangerang,6 terjual,5.0
SOMETHINC Omega Butter Deep Cleansing,Rp46.700,21%,BeautyHaul_NEW,Tangerang,250+ terjual,5.0
Somethinc (Refill) Hooman Breathable UV Cushion Cover SPF35 Pa++++ - W02 Coco,Rp104.300,30%,Watsons Indonesia Official Store,Kab. Tangerang,22 terjual,5.0
SOMETHINC Brow Matters,Rp43.500,45%,BeautyHaul_NEW,Tangerang,250+ terjual,5.0
Somethinc Reset Gentel Micellar Clean Water 40Ml,Rp48.750,25%,Watsons Indonesia Official Store,Kab. Tangerang,10 terjual,5.0
SOMETHINC Copy Paste CoverBlur Powder Foundation,Rp154.800,27%,BeautyHaul_NEW,Tangerang,26 terjual,5.0
SOMETHINC Jewel Glitter Liquid,Rp84.000,20%,BeautyHaul_NEW,Tangerang,10 terjual,5.0
Somethinc (Refill) Ceramic Skin Saviour Moisturizer Gel - 50ml,Rp176.400,30%,Watsons Indonesia Official Store,Kab. Tangerang,100+ terjual,5.0
Somethinc Coverblur Pro Filter Breathable Cushion SPF 40 PA++++ Bijoux 12g,Rp156.000,25%,Watsons Indonesia Official Store,Kab. Tangerang,1 terjual,5.0
SOMETHINC Acne Treatment 2% Salicylic Acid Serum,Rp130.700,27%,BeautyHaul_NEW,Tangerang,2 terjual,5.0
SOMETHINC Reset Gentle Micellar Cleansing Water,Rp26.000,60%,BeautyHaul_NEW,Tangerang,250+ terjual,5.0
Somethinc (Refill) Copy Paste Breathable Cushion - Butter,Rp104.300,30%,Watsons Indonesia Official Store,Kab. Tangerang,100+ terjual,5.0
Somethinc Bust Firming Serum 50ml,Rp98.175,25%,Watsons Indonesia Official Store,Kab. Tangerang,20 terjual,5.0
SOMETHINC Coffeeinc Lip Scrub (Regular),Rp68.400,10%,BeautyHaul_NEW,Tangerang,40+ terjual,5.0
Somethinc Hooman Cushion W01 Bijoux,Rp166.400,20%,Watsons Indonesia Official Store,Kab. Tangerang,60+ terjual,5.0
Somethinc Hooman Cushion C01 Perle,Rp166.400,20%,Watsons Indonesia Official Store,Kab. Tangerang,30+ terjual,5.0
SOMETHINC Calm Down Gentle Micellar Water,Rp39.700,19%,BeautyHaul_NEW,Tangerang,30+ terjual,5.0
Somethinc Mademoiselle Soft Focus Powder Blush Picnic,Rp60.750,25%,Watsons Indonesia Official Store,Kab. Tangerang,8 terjual,5.0
Somethinc Copy Paste CoverBlur Powder Foundation C00 Cotton,Rp139.500,20%,Watsons Indonesia Official Store,Kab. Tangerang,7 terjual,5.0
SOMETHINC Slow Down Hair Reducer Cream,Rp48.800,25%,BeautyHaul_NEW,Tangerang,30+ terjual,5.0
SOMETHINC Alpha Squalanexoidant Deep Cleansing Oil,Rp167.400,10%,BeautyHaul_NEW,Tangerang,7 terjual,5.0
SOMETHINC The Marionette Eyeshadow Palette,Rp147.800,21%,BeautyHaul_NEW,Tangerang,30+ terjual,5.0
Somethinc Ceraplump Tinted Lip Balm SPF25 PA++++ 07 Ballet,Rp78.400,20%,Watsons Indonesia Official Store,Kab. Tangerang,22 terjual,5.0
SOMETHINC Low pH Gentle Jelly Cleanser,Rp91.000,35%,BeautyHaul_NEW,Tangerang,1rb+ terjual,5.0
Somethinc Checkmatte Transferproof Lipstick - 06 Mage,Rp76.300,30%,Watsons Indonesia Official Store,Kab. Tangerang,60+ terjual,5.0
Somethinc Multitask Water Gloss Regular - 3.3g,Rp65.250,25%,Watsons Indonesia Official Store,Kab. Tangerang,6 terjual,5.0
SOMETHINC Omega Butter Deep Cleansing Balm,Rp153.100,19%,BeautyHaul_NEW,Tangerang,25 terjual,5.0
SOMETHINC BioSpicule Renewal Serum,Rp226.800,10%,BeautyHaul_NEW,Tangerang,50+ terjual,5.0
SOMETHINC [2 PCS] Hooman Cushion + Calm Down Micellar Water (100ml),Rp221.000,14%,BeautyHaul_NEW,Tangerang,1 terjual,5.0
Somethinc Hooman Under Control Hd Blur Loose Powder - Light Medium,Rp107.100,28%,Watsons Indonesia Official Store,Kab. Tangerang,100+ terjual,5.0
SOMETHINC Idol Blurry Soft Lip Matte,Rp41.300,50%,BeautyHaul_NEW,Tangerang,1rb+ terjual,5.0
Somethinc ACNEDOT Treatment Low pH Cleanser 350ml,Rp180.800,20%,Watsons Indonesia Official Store,Kab. Tangerang,30+ terjual,5.0
SOMETHINC Copy Paste Tinted Sunscreen SPF 40 PA++++ 50ml,Rp167.500,21%,BeautyHaul_NEW,Tangerang,500+ terjual,5.0
SOMETHINC Calm Down! PHA 3% Soothing Everyday Toner 40ml,Rp48.300,30%,Watsons Indonesia Official Store,Kab. Tangerang,21 terjual,5.0
Somethinc Checkmatte Transferproof Lipstick - 04 Grandmaster,Rp76.300,30%,Watsons Indonesia Official Store,Kab. Tangerang,60+ terjual,5.0
Somethinc (Refill) Hooman Breathable UV Cushion Cover SPF35 Pa++++ - N02 Charlotte,Rp104.300,30%,Watsons Indonesia Official Store,Kab. Tangerang,100+ terjual,5.0
Somethinc Ceraplump Tinted Lip Balm SPF25 PA++++ 11 Raisin,Rp78.400,20%,Watsons Indonesia Official Store,Kab. Tangerang,30+ terjual,5.0
SOMETHINC SUPPLE POWER Hyaluronic 9 + Onsen Essence Toner,Rp86.300,25%,BeautyHaul_NEW,Tangerang,1rb+ terjual,5.0
Somethinc Low PH Jelly Cleanser 350ml,Rp168.700,25%,Watsons Indonesia Official Store,Kab. Tangerang,250+ terjual,5.0
Somethinc Brow Matters Triangle Eyebrow Pencil,Rp54.000,25%,Watsons Indonesia Official Store,Kab. Tangerang,19 terjual,5.0
Somethinc (Refill) Hooman Breathable UV Cushion Cover SPF35 Pa++++ - W01 Bijoux,Rp104.300,30%,Watsons Indonesia Official Store,Kab. Tangerang,100+ terjual,5.0
SOMETHINC Bee Power Propolis Glow Lip Serum,Rp38.000,50%,BeautyHaul_NEW,Tangerang,27 terjual,5.0
Somethinc BioSpicule Advanced Renewal Serum 10ml,Rp189.000,25%,Watsons Indonesia Official Store,Kab. Tangerang,30+ terjual,5.0
PROMO! LAMPU LED OSRAM PUTIH 6000 KELVIN T19 M5 H6 K1 / LAMPU LED MIO BEAT VARIO SUPRA GRAND JUPITER,Rp39.000,22%,,,10rb+ terjual,4.7
[30pcs] kapal api special mix 23gr Coffee Robusta,Rp62.250,25%,,,4rb+ terjual,5.0
Terlaris No. 1 | PAKET CUCI LENGKAP PENGKILAP PEMBERSIH PERAWATAN KENDARAAN 6 BOTOL by INCLEEN AUTO CARE Ban Mesin Microfiber Penghilang,Rp53.999,70%,,,100rb+ terjual,4.8
TERBAIK NO.1 | SHAMPO & WAX BUBBLE GUM 1 LITER by REBORN [FREE LAP KANEBO] Auto Detailing | Shampo Mobil dan Motor Kendaraan Kendaraan Kendaraan,Rp19.000,53%,,,50rb+ terjual,4.8
Paket Oli AHM MPX2 & Oli Gear Gardan,Rp34.800,13%,,,10rb+ terjual,4.8
TERBAIK No.1 !! Paket  Perawatan Kendaraan  6 item Bubble Gum by Reborn Auto Detailing Car Lap Microfiber   1 paket sabun  motor Mesin Pembersih Pengkilap Penghilang untuk cuci sampo,Rp48.000,73%,,,50rb+ terjual,4.8
Somethinc Dark Spot Reducer Ampoule 20ml,Rp88.000,45%,Watsons Indonesia Official Store,Kab. Tangerang,100+ terjual,5.0
Somethinc Srsly Bal M/Up Set Spray 45Ml,Rp61.500,25%,Watsons Indonesia Official Store,Kab. Tangerang,100+ terjual,5.0
Somethinc Copy Paste CoverBlur Powder Foundation C01 Perle,Rp139.500,20%,Watsons Indonesia Official Store,Kab. Tangerang,5 terjual,5.0
Somethinc Refill Copy Paste Coverblur Powder Foundation C02 Serene,Rp91.700,24%,Watsons Indonesia Official Store,Kab. Tangerang,5 terjual,5.0
Somethinc Refill Copy Paste Coverblur Powder Foundation C03 Eclair,Rp91.700,24%,Watsons Indonesia Official Store,Kab. Tangerang,2 terjual,5.0
Somethinc Calm Down Skinpair R-Cover Cream Refill 50ml,Rp137.900,26%,Watsons Indonesia Official Store,Kab. Tangerang,500+ terjual,5.0
SOMETHINC Ceramic Skin Saviour Moisturizer Gel,Rp269.800,18%,BeautyHaul_NEW,Tangerang,5 terjual,5.0
SOMETHINC Coverblur Pro Filter Breathable Cushion SPF 40 PA++++,Rp186.500,22%,BeautyHaul_NEW,Tangerang,10 terjual,5.0
Somethinc Refill Copy Paste CoverBlur Powder Foundation C01 Perle,Rp91.700,24%,Watsons Indonesia Official Store,Kab. Tangerang,5 terjual,5.0
SOMETHINC Forever Stay Comfort Lip Glaze,Rp98.100,24%,BeautyHaul_NEW,Tangerang,90+ terjual,5.0
Somethinc (Refill) Copy Paste Breathable Cushion - Linen,Rp104.300,30%,Watsons Indonesia Official Store,Kab. Tangerang,70+ terjual,5.0
SOMETHINC #1 Prism Foundation/Liquid Complexion Brush,Rp64.400,10%,BeautyHaul_NEW,Tangerang,4 terjual,5.0
SOMETHINC SKINLIFT 1% Copper Peptide Resveratrol Serum,Rp268.800,30%,BeautyHaul_NEW,Tangerang,30+ terjual,5.0
SOMETHINC Hooman Breathable UV Cushion Cover SPF 35 PA++++,Rp170.600,18%,BeautyHaul_NEW,Tangerang,250+ terjual,5.0
Somethinc BUNDLE [2 PCS] Hangover Voluminous Fiber Lash Smudgeproof Mascara,Rp163.800,22%,BeautyHaul_NEW,Tangerang,19 terjual,5.0
SOMETHINC BROW WIZ Retractable Eyebrow,Rp67.900,22%,BeautyHaul_NEW,Tangerang,3rb+ terjual,5.0
SOMETHINC (REFILL) Hooman Breathable UV Cushion Cover SPF35 PA++++,Rp125.400,24%,BeautyHaul_NEW,Tangerang,750+ terjual,5.0
Somethinc Mademoiselle Soft Focus Powder Blush,Rp72.100,19%,BeautyHaul_NEW,Tangerang,80+ terjual,5.0
SOMETHINC Omega Jelly Deep Cleansing Balm,Rp58.700,15%,BeautyHaul_NEW,Tangerang,19 terjual,5.0
Somethinc Hooman Breathable Cushion Cover SPF 35 PA++++ - Butter,Rp166.400,20%,Watsons Indonesia Official Store,Kab. Tangerang,40+ terjual,5.0
SOMETHINC Hangover Voluminous Fiber Lash Smudgeproof Mascara,Rp47.300,55%,BeautyHaul_NEW,Tangerang,4rb+ terjual,5.0
SOMETHINC ACNEDOT Treatment Moisturizer Gel,Rp49.000,50%,BeautyHaul_NEW,Tangerang,250+ terjual,5.0
Somethinc Hooman Cushion W04 Tiffany,Rp166.400,20%,Watsons Indonesia Official Store,Kab. Tangerang,8 terjual,5.0
Somethinc Ceraplump Tinted Lip Balm SPF25 PA++++ 05 Sangria,Rp78.400,20%,Watsons Indonesia Official Store,Kab. Tangerang,40+ terjual,5.0
SOMETHINC Calm Down! PHA 3% Soothing Everyday Toner 100ml,Rp88.900,30%,Watsons Indonesia Official Store,Kab. Tangerang,30+ terjual,5.0
Somethinc Mademoiselle Soft Focus Powder Blush Propaganda,Rp60.750,25%,Watsons Indonesia Official Store,Kab. Tangerang,2 terjual,5.0
SOMETHINC Acnedot Clear AC Body Soap,Rp28.800,10%,BeautyHaul_NEW,Tangerang,2 terjual,5.0
Somethinc Checkmatte Transferproof Lipstick - 11 Joker,Rp65.400,40%,Watsons Indonesia Official Store,Kab. Tangerang,24 terjual,5.0
Somethinc Supple Power Hyaluronic9 + Onsen Essence Toner 120ml,Rp169.500,25%,Watsons Indonesia Official Store,Kab. Tangerang,100+ terjual,5.0
SOMETHINC Holyshield! Sunscreen Shake Mist SPF46 PA+++,Rp98.400,18%,BeautyHaul_NEW,Tangerang,3 terjual,5.0
SOMETHINC Calm Down! PHA 3% Soothing Everyday Toner,Rp57.000,24%,BeautyHaul_NEW,Tangerang,100+ terjual,5.0
Somethinc Calm Down! Skinpair R-Cover Cream 30G,Rp99.400,30%,Watsons Indonesia Official Store,Kab. Tangerang,1rb+ terjual,5.0
Somethinc Acnedot Treatment Moisturizer Gel 25 ml - Pelembab Wajah,Rp79.800,20%,Farmaku,Jakarta Barat,1 terjual,5.0
[FLASH SALE] SOMETHINC Omega Butter Deep Cleansing Balm,Rp155.000,46%,Somethinc,Tangerang,100+ terjual,4.9
SOMETHINC Ceraplump Tinted Lip Balm SPF25 PA++++,Rp89.000,10%,Somethinc,Tangerang,5rb+ terjual,4.9
[FLASH SALE] SOMETHINC HOOMAN Breathable Cushion Cover SPF 35 PA++++,Rp189.000,39%,Somethinc,Tangerang,2rb+ terjual,4.9
SOMETHINC [2 PCS] Sheer Glam Makeup Kit - (Tinted Sunscreen + Checkmatte Lipstick),Rp235.840,27%,Somethinc,Tangerang,250+ terjual,4.9
SOMETHINC IDOL BLURRY Soft Lip Matte - Lip Cream Matte,Rp75.000,9%,Somethinc,Tangerang,8rb+ terjual,4.9
SOMETHINC [2 PCS] Punggung Kinclong Kit - (Acnedot Clear AC Body Soap & Bacne 1% Biosalicylic Spray),Rp91.520,20%,Somethinc,Tangerang,2rb+ terjual,4.9
SOMETHINC ACNE SHOT AC Overnight Treatment Spot Cream - 10gr,Rp84.550,22%,Somethinc,Tangerang,1rb+ terjual,4.9
[FLASH SALE] SOMETHINC IMMORTAL Highlighter,Rp85.000,59%,Somethinc,Tangerang,80+ terjual,4.9
SOMETHINC Calm Down Gentle Micellar Water,Rp39.900,18%,Somethinc,Tangerang,250+ terjual,4.9
SOMETHINC [2 PCS] Calm Down Moisturizer + 10% - Lactic + Glycolic Peeling Serum,Rp228.600,22%,Somethinc,Tangerang,750+ terjual,4.9
SOMETHINC [2 PCS] Copy Paste Coverblur Powder Foundation 12g | Two Way Cake + Ceraplump Tinted Lip Balm SPF25 PA++++,Rp227.040,27%,Somethinc,Tangerang,50+ terjual,4.9
"SOMETHINC [3 PCS] Man Basic Skincare - (Low pH Jelly Cleanser, Calm Down Moisturizer, Holyshield Glow Sunscreen Stick)",Rp311.100,26%,Somethinc,Tangerang,100+ terjual,4.9
"SOMETHINC [2 PCS] Combo Exfoliating Glowing - (10% Lactic Peeling Serum, 5% Mandelic Exfoliating Serum)",Rp223.520,23%,Somethinc,Tangerang,100+ terjual,4.9
[FLASH SALE] SOMETHINC DNA Airbrush Breathable Powder Foundation - Bedak Padat,Rp129.000,47%,Somethinc,Tangerang,30+ terjual,4.9
SOMETHINC Forever Stay Comfort Lip Glaze,Rp99.000,23%,Somethinc,Tangerang,500+ terjual,4.9
[NEW] SOMETHINC Acne Treatment 2% Salicylic Acid Serum,Rp139.000,22%,Somethinc,Tangerang,9rb+ terjual,4.9
SOMETHINC [2 PCS] Wakeup No Makeup (Tipsy Mascara & Hooman Powder),Rp205.920,29%,Somethinc,Tangerang,250+ terjual,4.9
"SOMETHINC [2 PCS] Paket Bee Glow Series - Pilihan Phrince - (Bee Power Sleeping Mask, Lip Serum, Vita Propolis Hydra Power Mist)",Rp174.240,20%,Somethinc,Tangerang,100+ terjual,4.9
SOMETHINC FOREVER STAY Waterproof Liquid Eyeliner,Rp79.000,20%,Somethinc,Tangerang,10rb+ terjual,4.9
[FLASH SALE] SOMETHINC Copy Paste COVERBLUR Powder Foundation,Rp169.000,46%,Somethinc,Tangerang,1rb+ terjual,4.9
[NEW] SOMETHINC [2 PCS] Paket Best Seller Layering Serum Diamond,Rp331.200,29%,Somethinc,Tangerang,1rb+ terjual,4.9
SOMETHINC [2 PCS] Sunscreen On The Go - (Glowing Up Sunscreen Stick & Holyshield Sunscreen Corrector Serum),Rp241.120,20%,Somethinc,Tangerang,750+ terjual,4.9
[FLASH SALE] SOMETHINC ACNE SHOT AC Overnight Treatment Spot Cream,Rp89.000,57%,Somethinc,Tangerang,1rb+ terjual,4.9
[PROMO] SOMETHINC Checkmatte Transferproof Lipstick,Rp99.000,9%,Somethinc,Tangerang,100+ terjual,4.9
[NEW] SOMETHINC Advanced Peeling 20% AHA BHA PHA LHA Serum,Rp139.000,22%,Somethinc,Tangerang,10rb+ terjual,4.9
SOMETHINC [2 PCS] Copy Paste Coverblur Powder Foundation 12g | Two Way Cake + Checkmatte Transferproof Lipstick,Rp235.840,27%,Somethinc,Tangerang,40+ terjual,4.9
SOMETHINC Idol Blurry Soft Lip Matte,Rp41.300,50%,BeautyHaul_NEW,Tangerang,500+ terjual,4.9
Somethinc Breathable Cushion - Light Medium SERENE (Refill),Rp104.300,30%,Watsons Indonesia Official Store,Kab. Tangerang,80+ terjual,4.9
Somethinc Ceraplump Tinted Lip Balm SPF25 PA++++ 09 Sakura,Rp78.400,20%,Watsons Indonesia Official Store,Kab. Tangerang,50+ terjual,4.9
SOMETHINC - SUNSCREEN (PERLINDUNGAN KULIT),Rp147.600,10%,BeautyHaul_NEW,Tangerang,2rb+ terjual,4.9
SOMETHINC BLUSH - BLUSH ON WAJAH,Rp72.100,19%,BeautyHaul_NEW,Tangerang,250+ terjual,4.9
Somethinc Breathable Cushion - Light Perle 15g,Rp166.400,20%,Watsons Indonesia Official Store,Kab. Tangerang,30+ terjual,4.9
SOMETHINC Forever Stay Comfort Lip Glaze,Rp98.100,24%,BeautyHaul_NEW,Tangerang,750+ terjual,4.9
SOMETHINC Eggo 3D Contour,Rp61.500,18%,BeautyHaul_NEW,Tangerang,100+ terjual,4.9
SOMETHINC Velvet Sugar Kohl Waterproof Gel Eyeliner,Rp87.400,22%,BeautyHaul_NEW,Tangerang,70+ terjual,4.9
SOMETHINC Bee Power Propolis Glow Lip Serum,Rp38.000,50%,BeautyHaul_NEW,Tangerang,100+ terjual,4.9
Somethinc Checkmatte Transferproof Lipstick - 07 Cold,Rp76.300,30%,Watsons Indonesia Official Store,Kab. Tangerang,100+ terjual,4.9
SOMETHINC Multitask Water Gloss,Rp78.300,10%,BeautyHaul_NEW,Tangerang,100+ terjual,4.9
Somethinc Hooman Breathable Cushion Cover SPF 35 PA++++ - Linen,Rp166.400,20%,Watsons Indonesia Official Store,Kab. Tangerang,40+ terjual,4.9
Somethinc Ceraplump Tinted Lip Balm SPF25 PA++++ 04 Lace,Rp78.400,20%,Watsons Indonesia Official Store,Kab. Tangerang,30+ terjual,4.9
SOMETHINC (REFILL) Ceramic Skin Saviour Moisturizer Gel,Rp226.800,10%,BeautyHaul_NEW,Tangerang,250+ terjual,4.9
SOMETHINC Holyshield! UV Watery Sunscreen Gel SPF 50+ PA++++ 15g,Rp43.120,20%,Watsons Indonesia Official Store,Kab. Tangerang,100+ terjual,4.9
SOMETHINC - BEE POWER SERIES,Rp71.000,50%,BeautyHaul_NEW,Tangerang,250+ terjual,4.9
SOMETHINC Tipsy Lash Lift Lengthening Mascara,Rp51.800,55%,BeautyHaul_NEW,Tangerang,500+ terjual,4.9
SOMETHINC DNA Airbrush Breathable Powder Foundation,Rp71.000,50%,BeautyHaul_NEW,Tangerang,100+ terjual,4.9
SOMETHINC GAME CHANGER Tripeptide Eye Concentrate Gel,Rp153.100,19%,BeautyHaul_NEW,Tangerang,2rb+ terjual,4.9
SOMETHINC Calm Down Gentle Micellar Water,Rp39.700,19%,BeautyHaul_NEW,Tangerang,100+ terjual,4.9
Somethinc Checkmatte Transferproof Lipstick - 01 Bishop,Rp76.300,30%,Watsons Indonesia Official Store,Kab. Tangerang,40+ terjual,4.9
Somethinc Hooman Under Control Hd Blur Loose Powder - Medium Sand,Rp107.100,28%,Watsons Indonesia Official Store,Kab. Tangerang,100+ terjual,4.9
Somethinc Breathable Cushion - Light Medium NINA (Refill),Rp104.300,30%,Watsons Indonesia Official Store,Kab. Tangerang,500+ terjual,4.9
SOMETHINC Complexion Set Face Makeup Sets,Rp71.000,50%,BeautyHaul_NEW,Tangerang,500+ terjual,4.9
SOMETHINC A.S.A.P Eyelash & Brow Treatment Serum,Rp78.800,25%,BeautyHaul_NEW,Tangerang,1rb+ terjual,4.9
Somethinc (Refill) Hooman Breathable UV Cushion Cover SPF35 Pa++++ - C02 Serene,Rp104.300,30%,Watsons Indonesia Official Store,Kab. Tangerang,40+ terjual,4.9
Somethinc Hooman Under Control Hd Blur Loose Powder - Translucent,Rp107.100,28%,Watsons Indonesia Official Store,Kab. Tangerang,500+ terjual,4.9
Somethinc Level 1% Encapsulated Retinol 20ml,Rp81.900,55%,Watsons Indonesia Official Store,Kab. Tangerang,250+ terjual,4.9
SOMETHINC Checkmatte Transferproof Lipstick,Rp98.100,10%,BeautyHaul_NEW,Tangerang,9rb+ terjual,4.9
SOMETHINC - EYE MAKEUP SET,Rp67.900,22%,BeautyHaul_NEW,Tangerang,1rb+ terjual,4.9
SOMETHINC - CALM DOWN SERIES,Rp116.500,18%,BeautyHaul_NEW,Tangerang,750+ terjual,4.9
Somethinc Brow Matters Dark Chocolate,Rp54.000,25%,Watsons Indonesia Official Store,Kab. Tangerang,90+ terjual,4.9
Somethinc Hooman Cushion N03 Alter,Rp166.400,20%,Watsons Indonesia Official Store,Kab. Tangerang,40+ terjual,4.9
Somethinc (Refill) Hooman Breathable UV Cushion Cover SPF35 Pa++++ - C01 Perle,Rp104.300,30%,Watsons Indonesia Official Store,Kab. Tangerang,50+ terjual,4.9
Somethinc Checkmatte Transferproof Lipstick - 05 Knight,Rp65.400,40%,Watsons Indonesia Official Store,Kab. Tangerang,40+ terjual,4.9
SOMETHINC Velvet Sugar Kohl Waterproof Gel Eyeliner,Rp87.400,22%,BeautyHaul_NEW,Tangerang,100+ terjual,4.9
SOMETHINC - CUSHION COPY PASTE & HOOMAN,Rp104.000,50%,BeautyHaul_NEW,Tangerang,5rb+ terjual,4.9
Somethinc Breathable Cushion - Light Bijoux (Refill) 15g,Rp104.300,30%,Watsons Indonesia Official Store,Kab. Tangerang,250+ terjual,4.9
SOMETHINC Copy Paste Tinted Sunscreen SPF 40 PA++++,Rp167.500,21%,BeautyHaul_NEW,Tangerang,10rb+ terjual,4.9
Somethinc The Marionette Eyeshadow Palette - Vol. 1,Rp123.000,17%,Watsons Indonesia Official Store,Kab. Tangerang,26 terjual,4.9
COPY PASTE BREATHABLE CUSHION Somethinc X Lifni Sanders,Rp104.000,50%,BeautyHaul_NEW,Tangerang,70+ terjual,4.9
Somethinc Brow Wiz - Dark Chocolate,Rp53.200,26%,Watsons Indonesia Official Store,Kab. Tangerang,100+ terjual,4.9
SOMETHINC Copy Paste CoverBlur Powder Foundation,Rp154.800,27%,BeautyHaul_NEW,Tangerang,250+ terjual,4.9
SOMETHINC Lash Lift 4D Curler,Rp56.800,29%,BeautyHaul_NEW,Tangerang,100+ terjual,4.9
SOMETHINC Dark Spot Reducer Ampoule 20ml,Rp96.300,45%,BeautyHaul_NEW,Tangerang,250+ terjual,4.9
SOMETHINC - REFILL CUSHION COPY PASTE & HOOMAN,Rp125.400,24%,BeautyHaul_NEW,Tangerang,10rb+ terjual,4.9
SOMETHINC ASAP Eyelash & Brow Treatment Serum - Serum Bulu Mata,Rp85.000,19%,Somethinc Makeup Official,Tangerang,40+ terjual,5.0
[NEW LAUNCH] SOMETHINC MAKEUP Calm Down Gentle Micellar Water,Rp39.900,18%,Somethinc Makeup Official,Tangerang,25 terjual,5.0
SOMETHINC BROW WIZ Retractable Eyebrow,Rp69.000,21%,Somethinc Makeup Official,Tangerang,100+ terjual,5.0
SOMETHINC MAKEUP Refill Copy Paste COVERBLUR  Powder Foundation 12g | Two Way Cake,Rp119.000,20%,Somethinc Makeup Official,Tangerang,25 terjual,5.0
[FLASH SALE] SOMETHINC HOOMAN Breathable Cushion Cover SPF 35 PA++++,Rp189.000,9%,Somethinc Makeup Official,Tangerang,14 terjual,5.0
[FLASH SALE] SOMETHINC Mademoiselle Soft Focus Powder Blush,Rp73.000,18%,Somethinc Makeup Official,Tangerang,8 terjual,5.0
SOMETHINC IMMORTAL Highlighter,Rp85.000,19%,Somethinc Makeup Official,Tangerang,24 terjual,5.0
SOMETHINC CERAMIC SKIN Saviour Moisturizer Gel,Rp169.000,9%,Somethinc Makeup Official,Tangerang,30+ terjual,5.0
SOMETHINC MAKEUP Copy Paste COVERBLUR Powder Foundation 12g | Two Way Cake,Rp169.000,20%,Somethinc Makeup Official,Tangerang,100+ terjual,5.0
SOMETHINC Coverblur Pro Filter Breathable Cushion SPF 40 PA++++,Rp189.000,21%,Somethinc Makeup Official,Tangerang,30+ terjual,5.0
SOMETHINC Holyshield Glow Sunscreen Stick SPF 50++ PA ++++,Rp125.000,9%,Somethinc Makeup Official,Tangerang,4 terjual,5.0
SOMETHINC BioSpicule Renewal Serum,Rp169.000,21%,Somethinc Makeup Official,Tangerang,16 terjual,5.0
SOMETHINC Alpha Squalaneoxidant Deep Cleansing Oil,Rp144.000,23%,Somethinc Makeup Official,Tangerang,13 terjual,5.0
SOMETHINC FOREVER STAY Waterproof Liquid Eyeliner,Rp73.000,18%,Somethinc Makeup Official,Tangerang,40+ terjual,5.0
SOMETHINC SRSLY Matte Makeup Setting Spray,Rp42.000,16%,Somethinc Makeup Official,Tangerang,100+ terjual,5.0
SOMETHINC Omega Butter Deep Cleansing Balm,Rp155.000,18%,Somethinc Makeup Official,Tangerang,30+ terjual,5.0
MSBB - Somethinc Low pH Gentle Jelly Cleanser 15Ml,Rp58.410,1%,My Skin But Better,Kab. Sleman,11 terjual,5.0
MSBB - Somethinc Low pH Gentle Jelly Cleanser 100Ml,Rp110.880,1%,My Skin But Better,Kab. Sleman,18 terjual,5.0
SOMETHINC Low pH Gentle Jelly Cleanser - Face Wash / Face Cleanser,Rp219.000,20%,Somethinc Makeup Official,Tangerang,40+ terjual,5.0
SOMETHINC Mademoiselle Soft Focus Powder Blush,Rp73.000,18%,Somethinc Makeup Official,Tangerang,26 terjual,5.0
[FLASH SALE] SOMETHINC (REFILL) COPY PASTE BREATHABLE MESH CUSHION SPF 33 PA++,Rp135.000,18%,Somethinc Makeup Official,Tangerang,26 terjual,5.0
SOMETHINC MAKEUP Tipsy Lash Lift Lengthening Mascara - Batman Edition,Rp95.000,14%,Somethinc Makeup Official,Tangerang,11 terjual,5.0
SOMETHINC HANGOVER Voluminous Fiber Lash Smudgeproof Mascara,Rp85.000,19%,Somethinc Makeup Official,Tangerang,50+ terjual,5.0
SOMETHINC BROW EMBLEM Microcara Brow Gel Waterproof,Rp85.000,19%,Somethinc Makeup Official,Tangerang,70+ terjual,5.0
SOMETHINC The Marionette Eyeshadow Palette,Rp149.000,20%,Somethinc Makeup Official,Tangerang,9 terjual,5.0
MSBB - Somethinc Brow Wiz Retractable Dark Brown,Rp68.310,1%,My Skin But Better,Kab. Sleman,19 terjual,5.0
SOMETHINC Calm Down! Skinpair Bubble Cleanser,Rp102.000,18%,Somethinc Makeup Official,Tangerang,100+ terjual,5.0
MSBB - Somethinc Glow Maker AHA BHA PHA Clarifying Treatment Toner 40ml,Rp61.380,1%,My Skin But Better,Kab. Sleman,80+ terjual,5.0
SOMETHINC DNA Airbrush Breathable Powder Foundation - Bedak Padat,Rp129.000,9%,Somethinc Makeup Official,Tangerang,10 terjual,5.0
SOMETHINC IDOL BLURRY Soft Lip Matte - Lip Cream Matte,Rp75.000,31%,Somethinc Makeup Official,Tangerang,30+ terjual,5.0
[Tasya Farasya Approved] SOMETHINC Calm Down! Skinpair Moisturizer,Rp199.000,9%,Somethinc Makeup Official,Tangerang,40+ terjual,5.0
SOMETHINC Copy Paste Tinted Sunscreen SPF 40 PA++++,Rp53.000,21%,Somethinc Makeup Official,Tangerang,750+ terjual,5.0
[FLASH SALE] SOMETHINC Copy Paste Tinted Sunscreen SPF 40 PA++++,Rp53.000,21%,Somethinc Makeup Official,Tangerang,100+ terjual,5.0
SOMETHINC No Sebum Mineral Blur Translucent Loose Powder SPF39 PA++++,Rp99.000,9%,Somethinc Makeup Official,Tangerang,13 terjual,5.0
SOMETHINC MAKEUP [2 PCS] Lash-Essential Kit (Lash Lift 4D Curler X Mascara Tipsy / Hangover),Rp164.000,43%,Somethinc Makeup Official,Tangerang,11 terjual,5.0
SOMETHINC SCANDAL Waterproof Retractable Eyeliner,Rp73.000,18%,Somethinc Makeup Official,Tangerang,40+ terjual,5.0
SOMETHINC TAMAGO Airy Blush,Rp73.000,4%,Somethinc Makeup Official,Tangerang,9 terjual,5.0
MSBB - Somethinc Diamond Phyto Stem Cell Serum 40ml,Rp256.410,1%,My Skin But Better,Kab. Sleman,4 terjual,5.0
[FLASH SALE] SOMETHINC MULTITASK Water Gloss - Lip Gloss,Rp79.000,9%,Somethinc Makeup Official,Tangerang,7 terjual,5.0
SOMETHINC Checkmatte Transferproof Lipstick,Rp99.000,9%,Somethinc Makeup Official,Tangerang,100+ terjual,5.0
SOMETHINC Brow Matters Triangle Eyebrow Pencil,Rp65.000,18%,Somethinc Makeup Official,Tangerang,90+ terjual,5.0
[FLASH SALE] SOMETHINC (REFILL) Hooman Breathable UV Cushion Cover SPF35 PA++++,Rp135.000,18%,Somethinc Makeup Official,Tangerang,30+ terjual,5.0
SOMETHINC Holyshield! Sunscreen Shake Mist SPF46 PA+++,Rp109.000,9%,Somethinc Makeup Official,Tangerang,4 terjual,5.0
SOMETHINC Tipsy Lash Lift Lengthening Mascara,Rp95.000,17%,Somethinc Makeup Official,Tangerang,70+ terjual,5.0
[NEW LAUNCH] SOMETHINC Makeup Forever Stay Comfort Lip Glaze,Rp99.000,23%,Somethinc Makeup Official,Tangerang,70+ terjual,5.0
SOMETHINC HOOMAN UNDER CONTROL HD Blur Loose Powder,Rp139.000,20%,Somethinc Makeup Official,Tangerang,100+ terjual,5.0
[FLASH SALE] SOMETHINC HOOMAN UNDER CONTROL HD Blur Loose Powder,Rp139.000,20%,Somethinc Makeup Official,Tangerang,50+ terjual,5.0
SOMETHINC MULTITASK Water Gloss - Lip Gloss,Rp79.000,9%,Somethinc Makeup Official,Tangerang,13 terjual,5.0
SOMETHINC Holyshield! Sunscreen Comfort Corrector Serum SPF 50+ PA++++,Rp125.000,9%,Somethinc Makeup Official,Tangerang,8 terjual,5.0
MSBB - SOMETHINC Acnedot Clear AC Body Soap,Rp28.710,1%,My Skin But Better,Kab. Sleman,21 terjual,5.0
SOMETHINC MAKEUP Forever Stay Eyeliner Blackest Black - Batman Edition,Rp83.000,13%,Somethinc Makeup Official,Tangerang,12 terjual,5.0
SOMETHINC [2 PCS] Calm Down Gentle Micellar Water 100ml + Copy Paste Coverblur Powder Foundation 12g | Two Way Cake,Rp183.832,30%,Somethinc,Tangerang,17 terjual,4.8
SOMETHINC [2 PCS] Essential Waxing Kit,Rp121.440,25%,Somethinc,Tangerang,500+ terjual,4.8
SOMETHINC Idol Blurry Soft Lip Matte - Lip Cream Matte Mempercantik,Rp75.000,9%,Somethinc,Tangerang,10rb+ terjual,4.8
Somethinc Checkmatte Transferproof Lipstick - 16 Paladin,Rp76.300,30%,Watsons Indonesia Official Store,Kab. Tangerang,30+ terjual,4.8
SOMETHINC FOREVER STAY Waterproof Liquid Eyeliner,Rp72.100,19%,BeautyHaul_NEW,Tangerang,100+ terjual,4.8
Somethinc Superstar Pocket Eyeshadow Palette,Rp103.500,25%,Watsons Indonesia Official Store,Kab. Tangerang,27 terjual,4.8
Somethinc Ceraplump Tinted Lip Balm SPF25 PA++++ 08 Ribbon,Rp78.400,20%,Watsons Indonesia Official Store,Kab. Tangerang,30+ terjual,4.8
Somethinc Checkmatte Transferproof Lipstick - 09 Soleyn,Rp76.300,30%,Watsons Indonesia Official Store,Kab. Tangerang,70+ terjual,4.8
SOMETHINC Calm Down! PHA 3% Soothing Everyday Toner,Rp57.000,24%,BeautyHaul_NEW,Tangerang,100+ terjual,4.8
Somethinc Breathable Cushion - Light Medium NINA,Rp166.400,20%,Watsons Indonesia Official Store,Kab. Tangerang,90+ terjual,4.8
Somethinc Mademoiselle Soft Focus Powder Blush Fairy,Rp60.750,25%,Watsons Indonesia Official Store,Kab. Tangerang,17 terjual,4.8
Somethinc Refill Copy Paste CoverBlur Powder Foundation N01 Nina,Rp91.700,24%,Watsons Indonesia Official Store,Kab. Tangerang,13 terjual,4.8
SOMETHINC Low pH Gentle Jelly Cleanser,Rp91.000,35%,BeautyHaul_NEW,Tangerang,100+ terjual,4.8
SOMETHINC Coverblur Pro Filter Breathable Cushion SPF 40 PA++++,Rp186.500,22%,BeautyHaul_NEW,Tangerang,50+ terjual,4.8
Somethinc Checkmatte Transferproof Lipstick - 10 Halo,Rp65.400,40%,Watsons Indonesia Official Store,Kab. Tangerang,60+ terjual,4.8
SOMETHINC SCANDAL Waterproof Retractable Eyeliner,Rp72.100,19%,BeautyHaul_NEW,Tangerang,15 terjual,4.8
SOMETHINC Ceraplump Tinted Lip Balm SPF25 PA++++,Rp89.000,10%,Somethinc Makeup Official,Tangerang,250+ terjual,4.9
[FLASH SALE] SOMETHINC Ceraplump Tinted Lip Balm SPF25 PA++++,Rp89.000,10%,Somethinc Makeup Official,Tangerang,80+ terjual,4.9
[Tasya Approved] SOMETHINC Holyshield! UV Watery Gel SPF 50+ PA++++,Rp49.000,9%,Somethinc Makeup Official,Tangerang,20 terjual,4.9
SOMETHINC (REFILL) Hooman Breathable UV Cushion Cover SPF35 PA++++,Rp135.000,18%,Somethinc Makeup Official,Tangerang,40+ terjual,4.9
"SOMETHINC MAKEUP Batman Series - Ceraplump Tinted Lip Balm, Low pH Gentle Jelly Cleanser, Tipsy Lashlift Mascara, Holyshield! Sunscreen Gel, Clay Glowgasm Highlighter Balm, Clay Sculptor Bronzer & Contour Balm,  Midnight Eyeshadow",Rp89.000,14%,Somethinc Makeup Official,Tangerang,40+ terjual,4.9
SOMETHINC Velvet Sugar Kohl Waterproof Gel Eyeliner,Rp89.000,21%,Somethinc Makeup Official,Tangerang,70+ terjual,4.9
SOMETHINC (REFILL) COPY PASTE BREATHABLE MESH CUSHION SPF 33 PA++,Rp135.000,18%,Somethinc Makeup Official,Tangerang,26 terjual,4.9
[FLASH SALE] SOMETHINC IDOL BLURRY Soft Lip Matte - Lip Cream Matte,Rp75.000,31%,Somethinc Makeup Official,Tangerang,27 terjual,4.9
SOMETHINC Badass Breathable Full Coverage 12HR Serum Foundation,Rp119.000,9%,Somethinc Makeup Official,Tangerang,100+ terjual,4.9
Lemonilo 10 pcs Mie Goreng Free Somethinc Ceramic Moisturizer 5ml,Rp69.000,28%,Lemonilo,Jakarta Utara,30+ terjual,5.0
Lemonilo 10 pcs Mie Ayam Bawang Free Somethinc Ceramic Moisturizer 5ml,Rp69.000,28%,Lemonilo,Jakarta Utara,4 terjual,5.0
Lemonilo 10 pcs Mie Pedas Korea Free Somethinc Ceramic Moisturizer 5ml,Rp69.000,28%,Lemonilo,Jakarta Utara,6 terjual,5.0
[FLASH SALE] SOMETHINC GAME CHANGER Tripeptide Eye Concentrate Gel,Rp155.000,46%,Somethinc,Tangerang,90+ terjual,4.7
MSBB - Somethinc Hooman Under Control HD Blur Loose Powder Neutral,Rp137.610,1%,My Skin But Better,Kab. Sleman,30+ terjual,4.8
Somethinc Ceraplump Tinted Lip Balm SPF25 PA++++ 03 Pecan,Rp78.400,20%,Watsons Indonesia Official Store,Kab. Tangerang,17 terjual,4.7
Somethinc Calm Down! Skinpair R-Cover Cream Moisturizer 30g,Rp113.600,20%,nihonmart,Jakarta Utara,100+ terjual,5.0
Somethinc Supple Power Hyaluronic9+Onsen Moisture Bomb Gel,Rp236.550,5%,nihonmart,Jakarta Utara,30+ terjual,5.0
Somethinc Omega Butter Deep Cleansing Balm 40g,Rp147.250,5%,nihonmart,Jakarta Utara,60+ terjual,5.0
Somethinc Calm Down Gentle Micellar Water 400ml,Rp82.917,17%,nihonmart,Jakarta Utara,15 terjual,5.0
Somethinc Holyshield UV Watery Sunscreen Gel SPF 50 50g,Rp106.250,15%,nihonmart,Jakarta Utara,100+ terjual,5.0
Somethinc 1% Pure Retinol + Squalane Serum 20ml,Rp265.050,5%,nihonmart,Jakarta Utara,7 terjual,5.0
SOMETHINC - Ceramic Skin Saviour Moisturizer Gel 25 mL,Rp148.720,12%,The New Routines,Jakarta Pusat,90+ terjual,5.0
Somethinc Reset Gentle Micellar Cleansing Water 40ml,Rp44.650,5%,nihonmart,Jakarta Utara,30+ terjual,5.0
SOMETHINC - Axillary Brightening Cream 15 mL,Rp69.520,12%,The New Routines,Jakarta Pusat,40+ terjual,5.0
Somethinc Axillary Brightening Cream 15ml,Rp75.050,5%,nihonmart,Jakarta Utara,30+ terjual,5.0
SOMETHINC - AHA BHA PHA Peeling Solution 20 mL,Rp107.500,7%,The New Routines,Jakarta Pusat,70+ terjual,5.0
Somethinc Lemonade Waterless Vitamin C+Ferulic+NAG Serum 20ml,Rp137.750,5%,nihonmart,Jakarta Utara,100+ terjual,5.0
Somethinc Dark Spot Reduce Ampoule 20ml,Rp137.750,5%,nihonmart,Jakarta Utara,60+ terjual,5.0
Somethinc Low pH Gentle Jelly Cleanser 350ml,Rp181.770,17%,nihonmart,Jakarta Utara,30+ terjual,5.0
Somethinc Calm Down Skinpair Barrier Serum 20ml,Rp92.000,20%,nihonmart,Jakarta Utara,13 terjual,5.0
Somethinc Alpha Squalaneoxidant Deep Cleansing Oil 40ml,Rp71.250,5%,nihonmart,Jakarta Utara,20 terjual,5.0
Somethinc Game Changer Tripeptide Eye Concentrate Gel 20ml,Rp147.250,5%,nihonmart,Jakarta Utara,100+ terjual,5.0
Somethinc Hangover Voluminous Fiber Lash Smudgeproof Mascara 7g,Rp63.750,25%,nihonmart,Jakarta Utara,9 terjual,5.0
Somethinc Calm Down! PHA 3% Everyday Toner,Rp58.900,5%,nihonmart,Jakarta Utara,60+ terjual,5.0
Somethinc Acnedot Treatment Toner,Rp66.500,5%,nihonmart,Jakarta Utara,17 terjual,5.0
Somethinc HYALuronic9+ Advanced + B5 Serum 20ml,Rp132.050,5%,nihonmart,Jakarta Utara,100+ terjual,5.0
SOMETHINC - HOOMAN Breathable Cushion Cover SPF 35 PA++++,Rp161.589,39%,The New Routines,Jakarta Pusat,30+ terjual,5.0
Somethinc Bakuchiol R-Cover Firming Body  Creme 100ml,Rp71.250,5%,nihonmart,Jakarta Utara,50+ terjual,5.0
Somethinc Low pH Gentle Jelly Cleanser 100ml,Rp92.960,17%,nihonmart,Jakarta Utara,500+ terjual,5.0
Somethinc Axillary Brightening Cream 15ml,Rp75.050,5%,nihonmart,Jakarta Utara,27 terjual,5.0
Somethinc Acnedot Treatment Moisturizer Gel,Rp84.550,5%,nihonmart,Jakarta Utara,20 terjual,5.0
SOMETHINC - Holyshield! UV Watery Sunscreen Gel SPF 50+ PA++++,Rp110.000,12%,The New Routines,Jakarta Pusat,100+ terjual,5.0
SOMETHINC Alpha Squalaneoxidant Deep Cleansing Oil 40 mL,Rp63.360,29%,The New Routines,Jakarta Pusat,10 terjual,5.0
SOMETHINC - Holyshield! Sunscreen Comfort Corrector Serum SPF 50+,Rp60.720,12%,The New Routines,Jakarta Pusat,100+ terjual,5.0
SOMETHINC - Calm Down! PHA 3% Soothing Everyday Toner 40ml,Rp45.500,30%,The New Routines,Jakarta Pusat,15 terjual,5.0
Somethinc Hylapore Away Solution Serum 20ml,Rp118.750,5%,nihonmart,Jakarta Utara,20 terjual,5.0
Somethinc Bacne 1% Biosalicylic Spray 50ml,Rp71.250,5%,nihonmart,Jakarta Utara,28 terjual,5.0
Somethinc 10% Lactic + Glycolic Peeling Serum 20ml,Rp113.050,5%,nihonmart,Jakarta Utara,40+ terjual,4.9
Somethinc Forever Stay Eyeliner 0.5ml,Rp75.050,5%,nihonmart,Jakarta Utara,30+ terjual,4.9
Somethinc Ceramic Skin Saviour Moisturizer Gel,Rp160.550,5%,nihonmart,Jakarta Utara,100+ terjual,4.9
Somethinc ASAP Eyelash & Brow Serum 3.5ml,Rp80.750,5%,nihonmart,Jakarta Utara,100+ terjual,4.9
Somethinc Level 1% Retinol 20ml,Rp123.750,25%,nihonmart,Jakarta Utara,250+ terjual,4.9
Somethinc Tipsy Lash Lift Lengthening Mascara 7g,Rp66.750,25%,nihonmart,Jakarta Utara,100+ terjual,4.9
Somethinc Supple Power Hyaluronic9+ Onsen Essence Toner,Rp87.400,5%,nihonmart,Jakarta Utara,80+ terjual,4.9
Somethinc Calm Down Skinpair Bubble Cleanser 120ml,Rp84.660,17%,nihonmart,Jakarta Utara,22 terjual,4.9
Somethinc Glow Maker AHA BHA PHA Clarifying Treatment Toner,Rp58.900,5%,nihonmart,Jakarta Utara,250+ terjual,4.9
SOMETHINC - Supple Power Hyaluronic9+Onsen Moisture Bomb Gel,Rp219.120,12%,The New Routines,Jakarta Pusat,23 terjual,4.8
Somethinc Acnedot Low pH Treatment Cleanser 100ml,Rp96.900,5%,nihonmart,Jakarta Utara,22 terjual,4.8
Somethinc Holyshield Sunscreen Comfort Corrector Serum SPF 50 50ml,Rp141.550,5%,nihonmart,Jakarta Utara,50+ terjual,4.8
SOMETHINC Immortal Highlighter,Rp84.000,20%,BeautyHaul_NEW,Tangerang,50+ terjual,4.6
Somethinc Diamond Phyto Stem Cell Serum 20ml,Rp123.670,17%,nihonmart,Jakarta Utara,40+ terjual,4.7
Somethinc Checkmatte Lipstick 12 Queen 3.8g,Rp87.200,20%,Dan Dan Indonesia,Kab. Tangerang,4 terjual,5.0
SOMETHINC Body Series Skin Goals Bakuchiol Firming Creme Botanical Oil Mist Holyshield Sunscreen Stick Sun Serum,Rp95.000,37%,Skinplaza,Jakarta Barat,70+ terjual,5.0
Somethinc Checkmatte Lipstick 09 Soleyn 3.8g,Rp87.200,20%,Dan Dan Indonesia,Kab. Tangerang,14 terjual,5.0
Somethinc SRSLY Setting Spray 50ml,Rp77.900,5%,Dan Dan Indonesia,Kab. Tangerang,12 terjual,5.0
Somethinc Forever Stay Comfort Lip Glaze Transferproof 05 Unreal (465971),Rp77.662,29%,Dan Dan Indonesia,Kab. Tangerang,2 terjual,5.0
SOMETHINC Supple Power Hyaluronic9+ Onsen Essence Toner Pelembab Moisture Bomb Gel BPOM,Rp79.300,21%,Skinplaza,Jakarta Barat,6 terjual,5.0
SOMETHINC Vita Propolis Hydra Power Mist 135ml BPOM,Rp123.120,18%,Skinplaza,Jakarta Barat,3 terjual,5.0
Somethinc Forever Stay Comfort Lip Glaze 04 3g (465970),Rp77.662,29%,Dan Dan Indonesia,Kab. Tangerang,10 terjual,5.0
Somethinc Checkmatte Lipstick 04 Grandmaster 3.8g,Rp87.200,20%,Dan Dan Indonesia,Kab. Tangerang,8 terjual,5.0
SOMETHINC Brow Wiz Retractable Eyebrow BPOM,Rp65.220,46%,Skinplaza,Jakarta Barat,250+ terjual,5.0
Somethinc 5% Sabi Beet Serum 20ml,Rp96.900,2%,Dan Dan Indonesia,Kab. Tangerang,1 terjual,5.0
Somethinc Holyshield UV Watery Sunscreen Gel SPF50 15gr - 434406,Rp51.205,5%,Dan Dan Indonesia,Kab. Tangerang,26 terjual,5.0
Somethinc Holyshield UV Watery Sunscreen Gel SPF50 50gr - 439038,Rp130.625,5%,Dan Dan Indonesia,Kab. Tangerang,16 terjual,5.0
SOMETHINC Alpha Squalaneoxidant Deep Cleansing Oil 40ml 100ml BPOM,Rp136.020,9%,Skinplaza,Jakarta Barat,30+ terjual,5.0
Somethinc Checkmatte Lipstick 07 Cold  3.8g,Rp87.200,20%,Dan Dan Indonesia,Kab. Tangerang,8 terjual,5.0
SOMETHINC Bee Power Manuka Honey Vita Propolis Hydra Mist Sleeping Mask Glow Lip Serum BPOM,Rp119.700,20%,Skinplaza,Jakarta Barat,17 terjual,5.0
SOMETHINC Forever Stay Waterproof Liquid Eyeliner | Velvet Sugar | Scandal Eye Liner BPOM,Rp77.200,2%,Skinplaza,Jakarta Barat,50+ terjual,5.0
Somethinc Checkmatte Lipstick 16 Paladin 3.8g,Rp87.200,20%,Dan Dan Indonesia,Kab. Tangerang,5 terjual,5.0
SOMETHINC Acnedot Series Perawatan Kulit Berjerawat Acne Dot BPOM,Rp143.400,4%,Skinplaza,Jakarta Barat,7 terjual,5.0
Somethinc Hooman Cushion SPF35 N01 Refill - 439037,Rp141.550,5%,Dan Dan Indonesia,Kab. Tangerang,4 terjual,5.0
Somethinc Calm Down R-Cover Cream 30gr - 438990,Rp134.900,5%,Dan Dan Indonesia,Kab. Tangerang,50+ terjual,5.0
SOMETHINC Hooman Under Control HD Blur Loose Powder BPOM Wajah Kosmetik,Rp128.420,14%,Skinplaza,Jakarta Barat,250+ terjual,4.9
SOMETHINC Hooman | Copy Paste Breathable Mesh Cushion SPF 35 PA++ REFILL FULL UV Cover BPOM Copypaste,Rp174.820,6%,Skinplaza,Jakarta Barat,10rb+ terjual,4.9
SOMETHINC Brow Wiz | Matters | ASAP | Game Powder Pro Palette | Emblem Gel Eyebrow Alis Pensil BPOM,Rp65.220,46%,Skinplaza,Jakarta Barat,500+ terjual,4.9
SOMETHINC Copy Paste Tinted Sunscreen SPF 40 PA++++ Skin Tint Copypaste Skintint BPOM,Rp159.620,20%,Skinplaza,Jakarta Barat,1rb+ terjual,4.9
SOMETHINC Brow Emblem Microcara Brow Gel Waterproof Mascara Alis BPOM,Rp77.800,3%,Skinplaza,Jakarta Barat,250+ terjual,4.9
Somethinc Hooman Breathable UV Cushion Cover Oil-control SPF 35PA ++++,Rp122.900,44%,Tokoserba serbu,Jakarta Barat,2 terjual,5.0
Somethinc Copy Paste Tinted Sunscreen SPF 40 PA++++ 50ml,Rp144.700,44%,Tokoserba serbu,Jakarta Barat,2 terjual,5.0
Somethinc Ceraplump Tinted Lip Balm SPF 25 PA++++/Pelembab Bibir,Rp81.000,57%,Tanina 0fficial,Jakarta Barat,2 terjual,5.0
Somethinc Checkmatte Transferproof Lipstick/Lipstik,Rp90.100,53%,Tanina 0fficial,Jakarta Barat,5 terjual,5.0
Somethinc Copy Paste Tinted Sunscreen SPF 40 PA++++/Tabir Surya,Rp44.600,66%,Tanina 0fficial,Jakarta Barat,22 terjual,5.0
Somethinc Forever Stay Eyeliner Blackest 114775880,Rp72.900,10%,Matahari Official,Kab. Tangerang,100+ terjual,5.0
Somethinc Hooman UV Cushion Cover Butter 117905242,Rp119.200,20%,Matahari Official,Kab. Tangerang,23 terjual,5.0
Somethinc Hooman Breathable Cushion Cover Spf35 Pa++++ 114775719,Rp176.800,15%,Matahari Official,Kab. Tangerang,3 terjual,5.0
Somethinc Hooman Breathable Cushion Cover Spf35 (Refill) 115997657,Rp119.200,20%,Matahari Official,Kab. Tangerang,8 terjual,5.0
Somethinc Glow Maker AHA BHA PHA Toner 100ml 114776174,Rp117.300,15%,Matahari Official,Kab. Tangerang,11 terjual,5.0
Somethinc Hooman Breathable Cushion Cover Spf35 (Refill) W01 Bijoux 115997666,Rp119.200,20%,Matahari Official,Kab. Tangerang,30+ terjual,5.0
Somethinc Calm Down Skinpair Bubble Cleanser 120Ml 118282753,Rp96.050,15%,Matahari Official,Kab. Tangerang,10 terjual,5.0
Somethinc Checkmatte Transferproof Lipstick 06 Mage 120038094,Rp87.200,20%,Matahari Official,Kab. Tangerang,17 terjual,5.0
Somethinc Hooman Under Control Hd Blur Loose Powder Light 119211041,Rp130.050,15%,Matahari Official,Kab. Tangerang,70+ terjual,5.0
Somethinc Hooman Breathable Cushion Cover Spf35 (Refill) 115997602,Rp119.200,20%,Matahari Official,Kab. Tangerang,50+ terjual,5.0
Somethinc Checkmatte Transferproof Lipstick 11 Joker 120038156,Rp87.200,20%,Matahari Official,Kab. Tangerang,2 terjual,5.0
Somethinc Checkmatte Transferproof Lipstick 16 Paladin 120038192,Rp87.200,20%,Matahari Official,Kab. Tangerang,9 terjual,5.0
Somethinc Copy Paste Breathable Cushion Butter 117905288,Rp176.800,15%,Matahari Official,Kab. Tangerang,2 terjual,5.0
Somethinc Supple Power Hyaluronic 9+ Toner 40ml 114774443,Rp86.700,15%,Matahari Official,Kab. Tangerang,10 terjual,5.0
Somethinc Holyshield Sunscreen Corrector Serum SPF 50+ 114776058,Rp64.600,15%,Matahari Official,Kab. Tangerang,6 terjual,5.0
Somethinc Dark Brown Microcara Brow Gel Waterproof 114776003,Rp84.600,10%,Matahari Official,Kab. Tangerang,100+ terjual,5.0
Somethinc Checkmatte Transferproof Lipstick 01 Bishop 120038263,Rp87.200,20%,Matahari Official,Kab. Tangerang,4 terjual,5.0
Somethinc Copy Paste Breathable Cushion (Refill) 114775728,Rp119.200,20%,Matahari Official,Kab. Tangerang,30+ terjual,5.0
Somethinc The Marionette Eyeshadow Palette Vol 1 Warm tone 120038218,Rp131.200,20%,Matahari Official,Kab. Tangerang,6 terjual,5.0
Somethinc Holyshield! UV Watery Sunscreen Gel 50gr 115367220,Rp116.875,15%,Matahari Official,Kab. Tangerang,27 terjual,5.0
Somethinc Scandal Waterproof Retractable Eyeliner 114775479,Rp68.850,15%,Matahari Official,Kab. Tangerang,2 terjual,5.0
Somethinc Bacne 1% Biosalicylic Spray 50ml 116026168,Rp74.250,10%,Matahari Official,Kab. Tangerang,8 terjual,5.0
Somethinc Holyshield! UV Watery Sunscreen Gel 15gr 115367211,Rp45.815,15%,Matahari Official,Kab. Tangerang,2 terjual,5.0
Somethinc Brow Emblem Microcara Brow Gel Waterproof Ebony 114774541,Rp84.600,10%,Matahari Official,Kab. Tangerang,80+ terjual,5.0
Somethinc Brow Wiz 114774523,Rp68.400,10%,Matahari Official,Kab. Tangerang,100+ terjual,5.0
Somethinc Omega Butter Deep Cleansing Balm 40gr 114774658,Rp145.350,15%,Matahari Official,Kab. Tangerang,29 terjual,5.0
Somethinc Copy Paste Breathable Cushion (Refill) 114776389,Rp119.200,20%,Matahari Official,Kab. Tangerang,21 terjual,5.0
Somethinc Copy Paste Breathable Cushion (Refill) 114774630,Rp119.200,20%,Matahari Official,Kab. Tangerang,30+ terjual,5.0
Somethinc Game Changer Tripeptide Eye Concentrate Gel 20ml 114776236,Rp153.900,10%,Matahari Official,Kab. Tangerang,10 terjual,5.0
Somethinc Copy Paste Breathable Cushion (Refill) 114775380,Rp119.200,20%,Matahari Official,Kab. Tangerang,40+ terjual,5.0
Somethinc Dark Choco Microcara Brow Gel Waterproof 114775326,Rp84.600,10%,Matahari Official,Kab. Tangerang,25 terjual,5.0
Somethinc Ceraplump Tinted Lip Balm 121346786,Rp78.400,20%,Matahari Official,Kab. Tangerang,60+ terjual,5.0
Somethinc Hooman Breathable Cushion Cover Spf35 Pa++++ 114775068,Rp176.800,15%,Matahari Official,Kab. Tangerang,10 terjual,5.0
Somethinc Checkmatte Transferproof Lipstick 04 Grandmaster 120038101,Rp87.200,20%,Matahari Official,Kab. Tangerang,18 terjual,5.0
Somethinc Checkmatte Transferproof Lipstick 14 Witty 120038110,Rp87.200,20%,Matahari Official,Kab. Tangerang,9 terjual,5.0
Somethinc Copy Paste Breathable Cushion (Refill) 114774701,Rp119.200,20%,Matahari Official,Kab. Tangerang,6 terjual,5.0
Somethinc Copy Paste Breathable Cushion Butter 117905260,Rp119.200,20%,Matahari Official,Kab. Tangerang,30+ terjual,5.0
Somethinc Refill Calm Down Skinpair Rcover Cream 50Ml 120038129,Rp148.720,20%,Matahari Official,Kab. Tangerang,30+ terjual,5.0
Somethinc Hooman Under Control Hd Blur Loose Powder Neutral 119211096,Rp130.050,15%,Matahari Official,Kab. Tangerang,100+ terjual,5.0
Somethinc Low PH Jelly Cleanser 350gr 117905224,Rp204.850,9%,Matahari Official,Kab. Tangerang,250+ terjual,5.0
Somethinc Hooman Breathable Cushion Cover Spf35 (Refill) 115997639,Rp119.200,20%,Matahari Official,Kab. Tangerang,26 terjual,5.0
Somethinc Brow Emblem Microcara Brow Gel/Pensil Alis,Rp77.400,54%,Pommyshop21_NEW,Jakarta Barat,17 terjual,5.0
Somethinc Calm Down Gentle Micellar Water 100ml and 400ml/Pembersih Make Up,Rp36.400,48%,Kios 0fficial,Jakarta Barat,4 terjual,5.0
Somethinc Forever Stay Comfort Lip Glaze/Lip Cream/Lip Matte,Rp90.100,50%,Kios 0fficial,Jakarta Barat,13 terjual,5.0
Somethinc Hooman Breathable UV Cushion Cover SPF 35 PA++++ /Alas Bedak,Rp122.900,35%,Kios 0fficial,Jakarta Barat,1 terjual,5.0
Somethinc Brow Wiz Slim Eyebrow Pencil/Pensil Alis,Rp59.200,54%,Kios 0fficial,Jakarta Barat,2 terjual,5.0
Somethinc Copy Paste Tinted Sunscreen SPF 40 PA++++/Tabir Surya,Rp44.600,74%,Kios 0fficial,Jakarta Barat,6 terjual,5.0
Somethinc Ceraplump Tinted Lip Balm  SPF 25 PA++++/Pelembab Bibir,Rp81.000,55%,Kios 0fficial,Jakarta Barat,6 terjual,5.0
Somethinc Checkmatte Transferproof Lipstick/Lipstik,Rp90.100,50%,kiosmart,Jakarta Barat,7 terjual,5.0
Somethinc Tipsy Lash Lift Lengthening Mascara 7g,Rp86.500,33%,kiosmart,Jakarta Barat,3 terjual,5.0
Somethinc Forever Stay Comfort Lip Glaze/Lip Cream/Lip Matte,Rp90.100,50%,Pommyshop21_NEW,Jakarta Barat,3 terjual,5.0
SOMETHINC Axillary Brightening Cream,Rp78.300,10%,BeautyHaul_NEW,Tangerang,40+ terjual,5.0
Somethinc Calm Down Skinpair R Cover Cream Moisturizer/Pelembab Wajah,Rp117.400,27%,Kios Branded_NEW,Jakarta Barat,1 terjual,5.0
SOMETHINC [2 PCS] Forever Stay Comfort Lip Glaze Twinpack,Rp174.240,32%,Somethinc,Tangerang,60+ terjual,4.5
Somethinc Hangover Mascara 7G,Rp89.300,5%,Dan Dan Indonesia,Kab. Tangerang,21 terjual,4.8
SOMETHINC Holyshield Sunscreen Shake Mist Spray SPF 46 PA+++ BPOM,Rp97.740,35%,Skinplaza,Jakarta Barat,40+ terjual,4.8
Somethinc Refill Copy Paste CoverBlur Powder Foundation C01.5 Butter,Rp91.700,24%,Watsons Indonesia Official Store,Kab. Tangerang,6 terjual,4.5
Somethinc Refill Copy Paste CoverBlur Powder Foundation C00 Cotton,Rp91.700,24%,Watsons Indonesia Official Store,Kab. Tangerang,6 terjual,4.5
Somethinc Bance 1% Biosal Spray 50ml,Rp70.125,15%,Watsons Indonesia Official Store,Kab. Tangerang,10 terjual,4.5
Somethinc Hooman UC Hd Blur Loose Powder Translucent 119211023,Rp130.050,15%,Matahari Official,Kab. Tangerang,100+ terjual,4.9
Somethinc Hooman Under Control Hd Blur Loose Powder Medium 119211014,Rp130.050,15%,Matahari Official,Kab. Tangerang,60+ terjual,4.9
Somethinc Hangover Voluminous Fiber Lash Smudgeproof Mascara 114774934,Rp70.500,25%,Matahari Official,Kab. Tangerang,250+ terjual,4.9
Somethinc ASAP Eyelash & Brow Treatment Serum 35ml 114775148,Rp84.600,10%,Matahari Official,Kab. Tangerang,30+ terjual,4.9
Somethinc Checkmatte Transferproof Lipstick 07 Cold 120038183,Rp87.200,20%,Matahari Official,Kab. Tangerang,22 terjual,4.9
Somethinc Brow Clear Microcara Brow Gel Waterproof 114775602,Rp84.600,10%,Matahari Official,Kab. Tangerang,30+ terjual,4.9
SOMETHINC Copy Paste Tinted Suncreen 10ml,Rp44.600,45%,Tokoserba serbu,Jakarta Barat,100+ terjual,4.8
Somethinc Checkmatte Transferproof Lipstick 09 Soleyn 120038227,Rp87.200,20%,Matahari Official,Kab. Tangerang,16 terjual,4.8
Somethinc Brow Wiz 114775568,Rp68.400,10%,Matahari Official,Kab. Tangerang,250+ terjual,4.8
Somethinc Low PH Jelly Cleanser 100ml 114776254,Rp105.400,7%,Matahari Official,Kab. Tangerang,60+ terjual,4.8
Somethinc Checkmatte Lipstick 14 Witty 3.8g,Rp87.200,20%,Dan Dan Indonesia,Kab. Tangerang,12 terjual,4.7
Somethinc Forever Stay Comfort Lip Glaze 02 3g (465968),Rp77.662,29%,Dan Dan Indonesia,Kab. Tangerang,10 terjual,4.7
Somethinc Brow Wiz 114775451,Rp68.400,10%,Matahari Official,Kab. Tangerang,100+ terjual,4.6
Somethinc Srsly Balancer Makeup Setting Spray 50Ml 114774390,Rp69.700,15%,Matahari Official,Kab. Tangerang,30+ terjual,4.6
SOMETHINC DNA Airbrush Breathable Powder Foundation,Rp71.000,50%,BeautyHaul_NEW,Tangerang,30+ terjual,4.4
SOMETHINC Low pH Gentle Jelly Cleanser - Sabun Cuci Muka Semua Jenis Kulit,Rp52.400,50%,Keita Beauty Store,Bekasi,1 terjual,
Somethinc The Marionette Eyeshadow Palette Vol 2 Cool tone 120038245,Rp131.200,20%,Matahari Official,Kab. Tangerang,7 terjual,4.5
Somethinc Manuka Sugar Wax Home Kit 200gr 117918032,Rp78.400,20%,Matahari Official,Kab. Tangerang,5 terjual,4.5
Somethinc Hooman Breathable Cushion Cover Spf35 (Refill) 115997595,Rp119.200,20%,Matahari Official,Kab. Tangerang,4 terjual,4.5
SOMETHINC Checkmatte Transferproof Lipstick,Rp98.100,10%,BeautyHaul_NEW,Tangerang,2rb+ terjual,4.9
SOMETHINC Copy Paste COVERBLUR   Powder Foundation 12g | Two Way Cake,Rp147.870,7%,saeningstore,Surabaya,2 terjual,
[FLASH SALE] SOMETHINC Forever Stay Comfort Lip Glaze,Rp99.000,57%,Somethinc,Tangerang,70+ terjual,5.0
[FLASH SALE] SOMETHINC COPY PASTE BREATHABLE MESH CUSHION SPF 33 PA++,Rp189.000,9%,Somethinc Makeup Official,Tangerang,8 terjual,5.0
[FLASH SALE] [Tasya Farasya Approved] SOMETHINC Calm Down! Skinpair Moisturizer,Rp199.000,9%,Somethinc Makeup Official,Tangerang,11 terjual,5.0
SOMETHINC Reset Gentle Micellar Cleansing Water,Rp47.000,28%,Somethinc Makeup Official,Tangerang,10 terjual,5.0
SOMETHINC ALPHA SQUALANEOXIDANT DEEP CLEANSING OIL,Rp126.500,9%,Elsbeauty,Kab. Sleman,30+ terjual,5.0
[FLASH SALE] SOMETHINC MAKEUP Copy Paste COVERBLUR Powder Foundation 12g | Two Way Cake,Rp169.000,20%,Somethinc Makeup Official,Tangerang,90+ terjual,4.9
SOMETHINC HOOMAN Breathable UV Cushion Cover SPF 35 PA++++,Rp153.090,19%,Beauty is Here Indo,Jakarta Timur,1rb+ terjual,4.9
SOMETHINC Hooman Under Control HD Blur Loose Powder,Rp127.100,27%,BeautyHaul_NEW,Tangerang,10rb+ terjual,5.0
SOMETHINC [2 PCS] Copy Paste Coverblur Powder Foundation 12g | Two Way Cake + Tipsy Mascara / Hangover Mascara,Rp232.320,29%,Somethinc,Tangerang,25 terjual,5.0
SOMETHINC Checkmatte Transferproof Lipstick,Rp82.170,17%,Beauty Shop Me_NEW,Jakarta Utara,6 terjual,5.0
SOMETHINC Slow Down Hair Reducer Cream,Rp49.000,25%,Somethinc Makeup Official,Tangerang,10 terjual,5.0
SOMETHINC REFILL Copy Paste CoverBlur Powder Foundation,Rp108.800,27%,BeautyHaul_NEW,Tangerang,250+ terjual,4.9
SOMETHINC ACNEDOT Treatment Low pH Cleanser,Rp205.000,18%,Somethinc Makeup Official,Tangerang,6 terjual,5.0
SOMETHINC Coffeeinc Lip Scrub (Regular),Rp68.400,10%,BeautyHaul_NEW,Tangerang,28 terjual,4.8
SOMETHINC REFILL Copy Paste CoverBlur Powder Foundation,Rp108.800,27%,BeautyHaul_NEW,Tangerang,60+ terjual,4.9
SOMETHINC Jewel Glitter Liquid,Rp85.000,19%,Somethinc Makeup Official,Tangerang,5 terjual,5.0
SOMETHINC Ceraplump Tinted Lip Balm SPF25 | Pelembab Bibir,Rp72.090,19%,Beauty is Here Indo,Jakarta Timur,250+ terjual,4.9
somethinc hyaluronic B5 serum,Rp111.000,11%,Avostore Bekasi,Bekasi,24 terjual,5.0
Somethinc Bee Power Propolis Glow  Lip Serum 5g,Rp65.550,5%,nihonmart,Jakarta Utara,14 terjual,4.3
SOMETHINC Copy Paste Tinted Sunscreen SPF 40 PA++++ - Skin Tint [NEW LAUNCH],Rp147.870,7%,saeningstore,Surabaya,250+ terjual,5.0
SOMETHINC HANGOVER Voluminous Fiber Lash Smudgeproof Mascara - Waterproof Mascara Tahan Lama,Rp63.200,20%,Buyskincare,Kab. Sidoarjo,18 terjual,5.0
Somethinc Copy Paste Tinted Sunscreen SPF 40 PA++++/Tabir Surya,Rp44.600,66%,kiosmart,Jakarta Barat,20 terjual,4.3
SOMETHINC Axillary Brightening Cream,Rp78.300,10%,BeautyHaul_NEW,Tangerang,90+ terjual,5.0
SOMETHINC Alpha Squalaneoxidant Deep Cleansing Oil - Pembersih Make Up Micellar Cleansing Oil 40ml 100ml,Rp120.930,13%,Primrose Beauty Shop,Surabaya,23 terjual,5.0
SOMETHINC The Nobles Pro Pocket Eyeshadow Pallette,Rp137.500,21%,BeautyHaul_NEW,Tangerang,40+ terjual,4.9
SOMETHINC ACNEDOT Treatment Moisturizer Gel,Rp87.500,50%,BeautyHaul_NEW,Tangerang,4 terjual,5.0
SOMETHINC - MAKEUP  BEAUTY TOOLS,Rp38.700,10%,BeautyHaul_NEW,Tangerang,90+ terjual,4.9
SOMETHINC FOREVER STAY Waterproof Liquid Eyeliner,Rp59.787,19%,4ER_NEW,Medan,30+ terjual,4.9
Somethinc Breathable Cushion - Light Bijoux (Full Size) 15g,Rp166.400,20%,Watsons Indonesia Official Store,Kab. Tangerang,40+ terjual,4.8
SOMETHINC Punggung Kinclong Kit,Rp99.600,13%,BeautyHaul_NEW,Tangerang,9 terjual,4.0
Somethinc Calm Down Skinpair R Cover Cream Moisturizer Refill 50ml/Pelembab Wajah,Rp153.800,44%,Tokoserba serbu,Jakarta Barat,7 terjual,4.0
Somethinc Brow Wiz Slim Eyebrow Pencil/Pensil Alis,Rp59.200,54%,Tanina 0fficial,Jakarta Barat,1 terjual,4.0
SOMETHINC The Marionette Eyeshadow Palette,Rp147.800,21%,BeautyHaul_NEW,Tangerang,50+ terjual,5.0
￼SOMETHINC Bee Power Propolis & Manuka Honey Sleeping Mask,Rp77.400,40%,Health Fairy,Bandung,1 terjual,5.0
SOMETHINC 10% Niacinamide + Moisture Sabi Beet Max Brightening - Serum Kulit Cerah Maksimal (Normal) 20ml,Rp105.000,16%,Lyne Beauty_NEW,Surabaya,18 terjual,5.0
SOMETHINC Copy Paste Tinted Sunscreen SPF 40 PA++++,Rp157.520,12%,The Beauty Connection,Depok,70+ terjual,5.0
SOMETHINC 60% Vita Propolis + Bee Venom Glow Serum 20ml Serum Kulit Glowing Bebas Jerawat,Rp85.680,16%,Lyne Beauty_NEW,Surabaya,3 terjual,
Somethinc Hooman Cushion C03 Eclair,Rp166.400,20%,Watsons Indonesia Official Store,Kab. Tangerang,26 terjual,5.0
SOMETHINC Calm Down! PHA 3% Everyday Toner -Toner Menenangkan kulit,Rp53.940,13%,Primrose Beauty Shop,Surabaya,27 terjual,5.0
SOMETHINC Supple Power Hyaluronic9+ Onsen Moisture Bomb 25ml 50ml ml,Rp242.190,19%,Beauty is Here Indo,Jakarta Timur,250+ terjual,4.9
SOMETHINC Hooman UNDER CONTROL HD Blur Loose Powder - Bedak Tabur,Rp117.450,13%,Sakura Shop Surabaya,Surabaya,17 terjual,4.9
Somethinc Brow E/M Brow Gel W/P D/Choco,Rp75.200,20%,Watsons Indonesia Official Store,Kab. Tangerang,27 terjual,5.0
Somethinc Breathable Cushion - Light Medium CHARLOTTE,Rp166.400,20%,Watsons Indonesia Official Store,Kab. Tangerang,40+ terjual,4.9
SOMETHINC Makeup Brush,Rp38.700,10%,BeautyHaul_NEW,Tangerang,22 terjual,5.0
SOMETHINC Lash Lift 4D Curler,Rp69.000,9%,Somethinc,Tangerang,100+ terjual,4.9
SOMETHINC  Brow Matters Triangle Eyebrow Pencil,Rp43.500,45%,BeautyHaul_NEW,Tangerang,50+ terjual,4.9
SOMETHINC Lash Lift 4D Curler,Rp56.800,29%,BeautyHaul_NEW,Tangerang,40+ terjual,4.9
SOMETHINC [2 PCS] HARPY Bouncy Blender Set,Rp99.000,9%,Somethinc Makeup Official,Tangerang,7 terjual,5.0
SOMETHINC [2 PCS] COVERBLUR Pro Filter Breathable Cushion SPF 40 PA++++. + Checkmatte Transferproof Lipstick,Rp253.440,27%,Somethinc,Tangerang,3 terjual,
SOMETHINC [2 PCS] COVERBLUR Pro Filter Breathable Cushion SPF 40 PA++++. + Calm Down! Skinpair R-Cover Cream 30 ml,Rp279.840,27%,Somethinc,Tangerang,1 terjual,
[NEW] SOMETHINC Advanced Peeling 20% AHA BHA PHA LHA Serum + Hangover Voluminous Fiber Lash Smudgeproof Mascara,Rp159.000,44%,Somethinc,Tangerang,1 terjual,
Somethinc Low pH Gentle Jelly Cleanser 350 Gram,Rp210.500,6%,VIVA APOTEK,Jakarta Utara,20 terjual,5.0
Somethinc Copy Paste CoverBlur Powder Foundation W01 Bijoux,Rp139.500,20%,Watsons Indonesia Official Store,Kab. Tangerang,1 terjual,
Somethinc Copy Paste CoverBlur Powder Foundation C03 Eclair,Rp139.500,20%,Watsons Indonesia Official Store,Kab. Tangerang,1 terjual,
SOMETHINC Diamond Glow PhytoCell Serum,Rp159.900,27%,BeautyHaul_NEW,Tangerang,1 terjual,
Somethinc Mademoiselle Soft Focus Powder Blush Illusion,Rp60.750,25%,Watsons Indonesia Official Store,Kab. Tangerang,2 terjual,
Somethinc Refill Copy Paste Coverblur Powder Foundation N02.5 Linen,Rp91.700,24%,Watsons Indonesia Official Store,Kab. Tangerang,2 terjual,
Somethinc Refill Copy Paste Coverblur Powder Foundation N03 Alter,Rp91.700,24%,Watsons Indonesia Official Store,Kab. Tangerang,1 terjual,
SOMETHINC Gentle Bright Niacinamide + Alpha Arbutin Serum,Rp130.700,27%,BeautyHaul_NEW,Tangerang,5 terjual,
Somethinc Coverblur Pro Filter Breathable Cushion SPF 40 PA++++ Linen 12g,Rp156.000,25%,Watsons Indonesia Official Store,Kab. Tangerang,1 terjual,
Somethinc Idol Blurry Soft Lip Matte Trouble,Rp41.250,50%,Watsons Indonesia Official Store,Kab. Tangerang,2 terjual,
Somethinc Coverblur Pro Filter Breathable Cushion SPF 40 PA++++ Nina 12g,Rp156.000,25%,Watsons Indonesia Official Store,Kab. Tangerang,2 terjual,
Somethinc Idol Blurry Soft Lip Matte Trouble,Rp41.250,50%,Watsons Indonesia Official Store,Kab. Tangerang,2 terjual,
Somethinc Refill Copy Paste CoverBlur Powder Foundation W03 Goddess,Rp91.700,24%,Watsons Indonesia Official Store,Kab. Tangerang,3 terjual,
Somethinc Tamago Airy Blush - Maiden,Rp60.750,25%,Watsons Indonesia Official Store,Kab. Tangerang,3 terjual,
Somethinc Tamago Airy Blush - Honey,Rp60.750,25%,Watsons Indonesia Official Store,Kab. Tangerang,3 terjual,
Somethinc Advanced Peeling 20% AHA BHA PHA LHA Serum 20ml,Rp114.750,25%,Watsons Indonesia Official Store,Kab. Tangerang,1 terjual,
SOMETHINC COPY PASTE BREATHABLE CUSHION Somethinc X Lifni Sanders,Rp104.000,50%,BeautyHaul_NEW,Tangerang,4 terjual,
SOMETHINC Bust Firming Serum 50 ml,Rp117.900,10%,BeautyHaul_NEW,Tangerang,7 terjual,
Somethinc Copy Paste CoverBlur Powder Foundation W03 Goddess,Rp139.500,20%,Watsons Indonesia Official Store,Kab. Tangerang,2 terjual,
Somethinc Ceraplump Tinted Lip Balm SPF25 PA++++ 10 Walnut,Rp78.400,20%,Watsons Indonesia Official Store,Kab. Tangerang,7 terjual,
Somethinc Copy Paste CoverBlur Powder Foundation C02 Serene,Rp139.500,20%,Watsons Indonesia Official Store,Kab. Tangerang,1 terjual,
Somethinc Reset Gentle Micellar Cleansing Water 160ml,Rp79.500,25%,Watsons Indonesia Official Store,Kab. Tangerang,1 terjual,
Somethinc Copy Paste CoverBlur Powder Foundation W01.5 Cashew,Rp139.500,20%,Watsons Indonesia Official Store,Kab. Tangerang,1 terjual,
Somethinc Brow Pro Pomade 18HR Stay Chocolate,Rp61.200,15%,Watsons Indonesia Official Store,Kab. Tangerang,1 terjual,
Somethinc Copy Paste CoverBlur Powder Foundation W04 Tiffany,Rp139.500,20%,Watsons Indonesia Official Store,Kab. Tangerang,1 terjual,
Somethinc Refill Copy Paste Coverblur Powder Foundation N02 Charlotte,Rp91.700,24%,Watsons Indonesia Official Store,Kab. Tangerang,4 terjual,
Somethinc Mademoiselle Soft Focus Powder Blush Heart,Rp60.750,25%,Watsons Indonesia Official Store,Kab. Tangerang,3 terjual,
Somethinc Copy Paste CoverBlur Powder Foundation N03 Alter,Rp139.500,20%,Watsons Indonesia Official Store,Kab. Tangerang,2 terjual,
Somethinc Mademoiselle Soft Focus Powder Blush Riot,Rp60.750,25%,Watsons Indonesia Official Store,Kab. Tangerang,1 terjual,
Somethinc Level 1% Encapsulated Retinol 20ml,Rp139.500,25%,Watsons Indonesia Official Store,Kab. Tangerang,1 terjual,
[ New ] SOMETHINC Level 1% Encapsulated Retinol Anti Aging Serum Wajah Retinol,Rp169.000,6%,GUDANG SKINCARE SBY,Surabaya,1 terjual,
[ New Packing ] SOMETHINC HYALuronic 9+ Advanced + B5 Moisture Lock Serum Menghidrasi Kulit Kering,Rp139.000,13%,GUDANG SKINCARE SBY,Surabaya,2 terjual,
SOMETHINC SURREAL Star Loose Pigment,Rp79.000,9%,Somethinc Makeup Official,Tangerang,3 terjual,
SOMETHINC Supple Power Hyaluronic9+Onsen Moisture Bomb Gel (Pelembab Wajah),Rp249.000,9%,Somethinc Makeup Official,Tangerang,8 terjual,
SOMETHINC EGGO 3D Contour,Rp62.000,17%,Somethinc Makeup Official,Tangerang,3 terjual,
Somethinc Low Ph Jelly Cleanser (100 ml),Rp105.400,6%,VIVA APOTEK,Jakarta Utara,9 terjual,4.8
SOMETHINC Hooman Under Control HD Blur Loose Powder - Bedak Tabur Matte Halus 16 Jam Anti Minyak 8 Warna Non Comedogenic BPOM,Rp120.750,30%,Biliva Beauty Store,Surabaya,1 terjual,
Somethinc Hooman Breathable UV Cushion Cover 15g,Rp179.550,5%,nihonmart,Jakarta Utara,1 terjual,
Somethinc Velvet Sugar Eyeliner Gel Lasting,Rp72.891,27%,4ER_NEW,Medan,15 terjual,5.0
SOMETHINC Skincare Bodycare Series Toner Moisturizer Cleanser Micellar Mask Body Cream Mist Lip Serum Axillary BPOM,Rp78.500,22%,Skinplaza,Jakarta Barat,2 terjual,
Somethinc Forever Stay Comfort Lip 03 Glaze 3g (465969),Rp77.662,29%,Dan Dan Indonesia,Kab. Tangerang,6 terjual,
SOMETHINC Calm Down Gentle Micellar Water 100ml (465997),Rp41.800,5%,Dan Dan Indonesia,Kab. Tangerang,1 terjual,
Somethinc Hooman Cushion SPF35 N01 - 439010,Rp197.600,5%,Dan Dan Indonesia,Kab. Tangerang,1 terjual,
Somethinc Idol Lip Matte 01 3g - 439013,Rp78.375,5%,Dan Dan Indonesia,Kab. Tangerang,1 terjual,
Somethinc Brow Matters Triangle Eyebrow Pencil Dark Brown,Rp68.400,5%,Dan Dan Indonesia,Kab. Tangerang,3 terjual,
Somethinc Ceraplump Tinted Lip Balm 05 SR SPF25 PA++++ (465964),Rp93.100,5%,Dan Dan Indonesia,Kab. Tangerang,1 terjual,
SOMETHINC Copy Paste Cushion C01.5 15gr (465979),Rp197.600,5%,Dan Dan Indonesia,Kab. Tangerang,1 terjual,
SOMETHINC Omega Jelly Deep Cleansing Balm 30ml (465998),Rp61.750,5%,Dan Dan Indonesia,Kab. Tangerang,2 terjual,
SOMETHINC ACNEDOT Treatment Moisturizer Gel 25ml 50ml BPOM,Rp144.800,3%,Skinplaza,Jakarta Barat,8 terjual,
SOMETHINC Sunscreen Series Holyshield UV Watery Gel Stick MIst Spray Powder BPOM,Rp94.100,37%,Skinplaza,Jakarta Barat,2 terjual,
Somethinc Forever Stay Comfort Lip Glaze 07 3g (465972),Rp77.662,29%,Dan Dan Indonesia,Kab. Tangerang,6 terjual,
Somethinc Holyshield Sunscreen Shake Mist SPF46 50ml - 438994,Rp114.000,5%,Dan Dan Indonesia,Kab. Tangerang,2 terjual,
SOMETHINC Copy Paste Tinted Sunscreen SPF 40 PA++++ - Skin Tint 50ml |,Rp157.000,13%,Klik.Apotek,Kab. Tasikmalaya,1 terjual,
"SOMETHINC AHA BHA PHA Peeling Solution - Serum Eksfoliasi untuk Komedo (Pemula) - Wajah, Essence",Rp126.000,16%,Klik.Apotek,Kab. Tasikmalaya,1 terjual,
SOMETHINC  Low PH Gentle Jelly Cleanser 100ML / Pembersih Wajah,Rp102.000,32%,Klik.Apotek,Kab. Tasikmalaya,1 terjual,
SOMETHINC Copy Paste Cover Blur Powder Foundation REFILL,Rp99.200,45%,Tokoserba serbu,Jakarta Barat,1 terjual,
Somethinc Copy Paste Coverblur Powder Foundation 12g/Bedak Padat,Rp99.200,24%,Tanina 0fficial,Jakarta Barat,2 terjual,
SOMETHINC Srsly Balancer Make Up Setting Spray 20ml dan 50ml,Rp38.300,45%,Tokoserba serbu,Jakarta Barat,3 terjual,
Somethinc SRSLY Stay Matte Make Up Setting Spray 50ml and 20ml,Rp38.300,45%,Tanina 0fficial,Jakarta Barat,2 terjual,
SOMETHINC Ceraplump Tinted Lip Balm,Rp81.000,44%,Tokoserba serbu,Jakarta Barat,1 terjual,
Somethinc Calm Down Skin R-Cover Cream 50ml,Rp181.100,44%,Tokoserba serbu,Jakarta Barat,1 terjual,
Somethinc Brow Wiz/Pensil alis,Rp59.200,44%,Tokoserba serbu,Jakarta Barat,7 terjual,
SOMETHINC Ceramic Skin Saviour Moisturizer Gel,Rp272.100,44%,Tokoserba serbu,Jakarta Barat,1 terjual,
Somethinc Brow Matters Triangle Eyebrow Pencil/Pensil Alis,Rp59.200,34%,Tanina 0fficial,Jakarta Barat,2 terjual,
Somethinc Holyshield Sunscreen Comfort Corrector Serum SPF 50+ PA++++ 50ml/Tabir Surya,Rp135.600,32%,Tanina 0fficial,Jakarta Barat,1 terjual,
Somethinc Ceramic Skin Saviour Moisturizer Gel/Pelembab Wajah,Rp153.800,4%,Tanina 0fficial,Jakarta Barat,2 terjual,
Somethinc Calm Down Skinpair Barrier Serum 20ml/Serum Wajah,Rp117.400,38%,Tanina 0fficial,Jakarta Barat,1 terjual,
Somethinc Velvet Sugar Kohl Waterproof Gel Eyeliner 1.2g,Rp77.400,40%,Tanina 0fficial,Jakarta Barat,1 terjual,
Somethinc Forever Stay Comfort Lip Glaze/Lip Cream/Lip Matte,Rp90.100,53%,Tanina 0fficial,Jakarta Barat,1 terjual,
SOMETHINC Acnedot Clear Ac Body Soap 80gr,Rp26.400,44%,Tokoserba serbu,Jakarta Barat,1 terjual,
Somethinc Hooman Under Control HD Blur Loose Powder/Bedak Tabur,Rp122.900,39%,Tanina 0fficial,Jakarta Barat,3 terjual,
SOMETHINC BROW EMBLEM Microcara Brow Gel Waterproof,Rp77.400,45%,Tokoserba serbu,Jakarta Barat,9 terjual,
SOMETHINC Calm Down Gentle Micellar Water 100ml dan 400ml,Rp91.000,45%,Tokoserba serbu,Jakarta Barat,1 terjual,
SOMETHINC Forever Stay Comfort Lip Glaze,Rp90.100,44%,Tokoserba serbu,Jakarta Barat,1 terjual,
SOMETHINC Velvet Sugar Kohl Waterproof Gel Eyeliner,Rp77.400,44%,Tokoserba serbu,Jakarta Barat,2 terjual,
SOMETHINC Brow Matters/Pensil alis,Rp59.200,44%,Tokoserba serbu,Jakarta Barat,3 terjual,
Somethinc Hooman Breathable UV Cushion Cover Butter 117905304,Rp176.800,15%,Matahari Official,Kab. Tangerang,1 terjual,
Somethinc Copy Paste Breathable Cushion 114774372,Rp176.800,15%,Matahari Official,Kab. Tangerang,2 terjual,
Somethinc Checkmatte Transferproof Lipstick 05 Knight 120038138,Rp87.200,20%,Matahari Official,Kab. Tangerang,2 terjual,
Somethinc Copy Paste Coverblur Powder Foundation N01 Nina 121405168,Rp158.100,15%,Matahari Official,Kab. Tangerang,1 terjual,
Somethinc Axillary Brightening Cream 15ml 116026097,Rp78.210,10%,Matahari Official,Kab. Tangerang,1 terjual,
Somethinc Calm Down Skinpair R Cover Cream 30Gr 118282771,Rp147.750,25%,Matahari Official,Kab. Tangerang,1 terjual,
Somethinc Tamago Airy Blush Moiselle 114776209,Rp68.850,15%,Matahari Official,Kab. Tangerang,2 terjual,
Somethinc Checkmatte Transferproof Lipstick 10 Halo 120038236,Rp87.200,20%,Matahari Official,Kab. Tangerang,1 terjual,
Somethinc Copy Paste Tinted Sunscreen 50Ml C02 Serene 120802445,Rp148.665,15%,Matahari Official,Kab. Tangerang,1 terjual,
Somethinc Copy Paste Coverblur Powder Foundation W015 Cashew 121405122,Rp158.100,15%,Matahari Official,Kab. Tangerang,1 terjual,
Somethinc Refill Copy Paste Coverblur Powder Foundation W01 Bijoux 121639273,Rp104.800,20%,Matahari Official,Kab. Tangerang,2 terjual,
Somethinc Checkmatte Transferproof Lipstick 12 Queen 120038272,Rp87.200,20%,Matahari Official,Kab. Tangerang,2 terjual,
Somethinc Copy Paste Coverblur Powder Foundation W01 Bijoux 121405051,Rp158.100,15%,Matahari Official,Kab. Tangerang,1 terjual,
Somethinc Brow Wiz Slim Eyebrow Pencil/Pensil Alis,Rp59.200,54%,kiosmart,Jakarta Barat,1 terjual,
Somethinc SRSLY Stay Matte Make Up Setting Spray 50ml and 20ml,Rp67.400,55%,Kios 0fficial,Jakarta Barat,2 terjual,
Somethinc Forever Stay Eyeliner 0.5ml/Waterproof and Smudgeproof Eyeliner,Rp66.500,26%,Kios 0fficial,Jakarta Barat,3 terjual,
Somethinc Acnedot Treatment Low pH Cleanser/Pembersih Wajah,Rp92.900,42%,Pommyshop21_NEW,Jakarta Barat,1 terjual,
Somethinc Calm Down Gentle Micellar Water/Pembersih Make Up,Rp36.400,54%,Pommyshop21_NEW,Jakarta Barat,1 terjual,
Somethinc Acnedot Clear Ac Body Soap/Sabun Batang,Rp26.400,47%,Pommyshop21_NEW,Jakarta Barat,2 terjual,
Somethinc Low pH Gentle Cleanser Jelly 100ml and 350g/Pembersih Wajah,Rp92.900,38%,Kios 0fficial,Jakarta Barat,3 terjual,
Somethinc Hooman Under Control HD Blur Loose Powder/Bedak Tabur,Rp122.900,39%,kiosmart,Jakarta Barat,1 terjual,
Somethinc Brow Emblem Microcara Brow Gel/Pensil Alis,Rp77.400,40%,kiosmart,Jakarta Barat,1 terjual,
Somethinc Copy Paste Coverblur Powder Foundation 12g/Bedak Padat,Rp99.200,45%,kiosmart,Jakarta Barat,2 terjual,
Somethinc Calm Down Skinpair R Cover Cream Moisturizer/Pelembab Wajah,Rp117.400,27%,Kios 0fficial,Jakarta Barat,1 terjual,
Somethinc Forever Stay Comfort Lip Glaze/Lip Cream/Lip Matte,Rp90.100,50%,kiosmart,Jakarta Barat,5 terjual,
Somethinc Calm Down Skinpair R Cover Cream Moisturizer/Pelembab Wajah,Rp117.400,27%,kiosmart,Jakarta Barat,1 terjual,
Somethinc Hangover Voluminous Fiber Lash Smudgeproof Mascara 7g,Rp77.400,40%,Kios 0fficial,Jakarta Barat,1 terjual,
Somethinc Checkmatte Transferproof Lipstick/Lipstik,Rp90.100,50%,Kios 0fficial,Jakarta Barat,2 terjual,
Somethinc Copy Paste Coverblur Powder Foundation 12g/Bedak Padat,Rp99.200,45%,Kios 0fficial,Jakarta Barat,1 terjual,
Somethinc Acne Treatment 2% Salicylic Acid Serum 20ml/Serum Wajah,Rp126.500,49%,kiosmart,Jakarta Barat,1 terjual,
Somethinc Low pH Gentle Cleanser Jelly 100ml and 350g/Pembersih Wajah,Rp92.900,38%,kiosmart,Jakarta Barat,2 terjual,
Somethinc Velvet Sugar Kohl Waterproof Gel Eyeliner 1.2g,Rp77.400,40%,Kios 0fficial,Jakarta Barat,1 terjual,
Somethinc Copy Paste Coverblur Powder Foundation 12g/Bedak Padat,Rp99.200,50%,Pommyshop21_NEW,Jakarta Barat,8 terjual,
Somethinc Tipsy Lash Lift Lengthening Mascara 7g,Rp86.500,33%,Kios 0fficial,Jakarta Barat,1 terjual,
Somethinc SRSLY Stay Matte Make Up Setting Spray 50ml and 20ml,Rp67.400,55%,kiosmart,Jakarta Barat,2 terjual,
Somethinc Hooman Under Control HD Blur Loose Powder/Bedak Tabur,Rp122.900,35%,Pommyshop21_NEW,Jakarta Barat,1 terjual,
Somethinc Calm Down Gentle Micellar Water 100ml and 400ml/Pembersih Make Up,Rp36.400,48%,kiosmart,Jakarta Barat,1 terjual,
Somethinc SRSLY Stay Matte Make Up Setting Spray,Rp38.300,57%,Pommyshop21_NEW,Jakarta Barat,5 terjual,
Somethinc Calm Down Skinpair R Cover Cream Moisturizer/Pelembab Wajah,Rp117.400,22%,Pommyshop21_NEW,Jakarta Barat,2 terjual,
PROMO! LAMPU LED OSRAM PUTIH 6000 KELVIN T19 M5 H6 K1 / LAMPU LED MIO BEAT VARIO SUPRA GRAND JUPITER,Rp39.000,22%,,,10rb+ terjual,4.7
[30pcs] kapal api special mix 23gr Coffee Robusta,Rp62.250,25%,,,4rb+ terjual,5.0
Minyak goreng sunco 2liter,Rp51.900,4%,,,2rb+ terjual,5.0
TERBAIK No.1 !! Paket  Perawatan Kendaraan  6 item Bubble Gum by Reborn Auto Detailing Car Lap Microfiber   1 paket sabun  motor Mesin Pembersih Pengkilap Penghilang untuk cuci sampo,Rp48.000,73%,,,50rb+ terjual,4.8
TERBAIK NO.1 | SHAMPO & WAX BUBBLE GUM 1 LITER by REBORN [FREE LAP KANEBO] Auto Detailing | Shampo Mobil dan Motor Kendaraan Kendaraan Kendaraan,Rp19.000,53%,,,50rb+ terjual,4.8
Oli AHM Honda MPX2 0.8L motor metik,Rp28.710,13%,,,7rb+ terjual,4.8
Sabun Wiper Mobil Depan isi 3 pcs,Rp2.000,80%,,,6rb+ terjual,4.9
SOMETHINC Bee Power Propolis & Manuka Honey Sleeping Mask,Rp71.000,50%,BeautyHaul_NEW,Tangerang,25 terjual,
SOMETHINC SRSLY Balancer Make Up Setting Spray - Make Up Tahan Lama,Rp64.494,18%,4ER_NEW,Medan,60+ terjual,4.9
SOMETHINC Makeup Individual Brush,Rp39.000,9%,Somethinc Makeup Official,Tangerang,11 terjual,5.0
NEW SOMETHINC CALM DOWN SKINPAIR R-COVER CREAM 30 ml,Rp84.900,29%,Get Your Needs Here,Jakarta Selatan,3 terjual,5.0
SOMETHINC COPY PASTE BREATHABLE MESH CUSHION SPF 33 PA+++,Rp160.650,15%,Saening Store Beauty ID,Surabaya,90+ terjual,5.0
[30pcs] kapal api special mix 23gr Coffee Robusta,Rp62.250,25%,,,4rb+ terjual,5.0
Oli AHM Honda MPX2 0.8L motor metik,Rp28.710,13%,,,7rb+ terjual,4.8
Terlaris No. 1 | ENGINE DEGREASER PEMBERSIH KERAK MESIN by INCLEEN,Rp10.000,73%,,,3rb+ terjual,4.9
Sabun Wiper Mobil Depan isi 3 pcs,Rp2.000,80%,,,6rb+ terjual,4.9
Paket Oli AHM MPX2 & Oli Gear Gardan,Rp34.800,13%,,,10rb+ terjual,4.8
SOMETHINC ACNEDOT Low pH Treatment Cleanser,Rp175.120,12%,The Beauty Connection,Depok,8 terjual,5.0
